xmi:type,name,xmi:id,description
,RootElement,_pJ8eYBHQEeaen93uATCTQQ,RootElement
Class,MAIN,_eQ3PwNi0EeaI3IcGROryBQ,MAIN
StateMachine,MAIN,_36PIkNiyEeaI3IcGROryBQ,MAIN
Transition,TransitionSd2UsNi0EeaI3IcGROryBQ,_Sd2UsNi0EeaI3IcGROryBQ,
Transition,TransitionWDBEkNi0EeaI3IcGROryBQ,_WDBEkNi0EeaI3IcGROryBQ,
Pseudostate,PseudostateQJAZsNizEeaI3IcGROryBQ,_QJAZsNizEeaI3IcGROryBQ,
State,MainProgram,_Tefu0NizEeaI3IcGROryBQ,Main_Program
OpaqueBehavior,OpaqueBehaviorOfMainProgram,_HN2AENi0EeaI3IcGROryBQ,PPU(); PPU.stack(); PPU.crane(); PPU.stamp(); PPU.largeSortingConveyor(); Stack_WPType:=PPU.stack.WPType; Crane_WPType:=PPU.crane.WPType; Stamp_WPType:=PPU.stamp.WPType; Stack_WPProvided:=PPU.stack.WPProvided; Crane_Allow_Conveyor_to_Operate:=PPU.crane.Conveyor_AllowedToOperate; Crane_Allow_Stamp_to_Operate:=PPU.crane.Stamp_AllowedToOperate; Crane_PickedUpStackWP:=PPU.crane.Table.Potentiometer.AtStack AND PPU.crane.WPPickedUp; Stamp_IsStamping:=PPU.stamp.IsStamping; Stamp_WPAvailable:=PPU.Stamp.WPAvailable.DI_SwitchTrue; Stamp_AutomaticExecuteCompleted:=PPU.Stamp.AutomaticExecuteCompleted; LargeSortingConveyor_AllowedToOperate:=Crane_Allow_Conveyor_to_Operate; LargeSortingConveyor_IsSorting:=PPU.largeSortingConveyor.IsSorting; LargeSortingConveyor_AutomaticExecuteCompleted:=PPU.largeSortingConveyor.AutomaticExecuteCompleted; 
FinalState,FinalStateUHDuMNi0EeaI3IcGROryBQ,_UHDuMNi0EeaI3IcGROryBQ,
Class,PPU,_2ub-IBHQEeaen93uATCTQQ,PPU
Property,StartButton,_vF8KANgFEeaLleG51tH3Eg,StartButton
Property,InitCompleted,_aJiUwKXBEeaaifhFzThDQw,InitCompleted
Property,AutomaticExecuteCompleted,_095SsLYVEeaPAdOs73iMYQ,AutomaticExecuteCompleted
Property,EmergencyStop,_0mtq8NgFEeaLleG51tH3Eg,EmergencyStop
Property,EmergencyHandled,_b9Eu8KXBEeaaifhFzThDQw,EmergencyHandled
StateMachine,PPUACTAutomaticExecute,_MqflwBHREeaen93uATCTQQ,PPU_ACT_AutomaticExecute
Transition,notstackDIWPAvailable,_mdtwEBzxEeaHnYHMiM-I7Q,[not stack.DI_WPAvailable]
Transition,stackseperatorDIRetracted,_B8KMwBzzEeaHnYHMiM-I7Q,[stack.seperator.DI_Retracted]
Transition,NotAutomaticExecuteCompleted,_91Ek4EmPEea0ovNLUKsTWw,[Not AutomaticExecuteCompleted]
Transition,true,_JaJKkEmQEea0ovNLUKsTWw,[true]
Transition,AutomaticExecuteCompleted,_e7t-IGVGEeaSMugellPalg,[AutomaticExecuteCompleted]
Pseudostate,Pseudostate3wABzwEeaHnYHMiMI7Q,__3w-ABzwEeaHnYHMiM-I7Q,
State,CallAll,_HmjigEmPEea0ovNLUKsTWw,Call_All
OpaqueBehavior,OpaqueBehaviorOfCallAll,_g2uxcLcYEeaSbZaN2J4zjw,EmergencyStop := stack.EmergencyStop OR largeSortingConveyor.EmergencyStop OR stamp.EmergencyStop OR crane.SoftwareEmergency OR stamp.SoftwareEmergency; StartButton := stack.StartButton OR largeSortingConveyor.StartButton OR stamp.StartButton; crane.ACT_AutomaticExecute() AND largeSortingConveyor.ACT_AutomaticExecute()  AND stack.ACT_AutomaticExecute() AND stamp.ACT_AutomaticExecute()
StateMachine,PPUACTInit,_TZ6bsCZ4EeagIsaxH253Xw,PPU_ACT_Init
Transition,true,_WKieUCZ6EeagIsaxH253Xw,[true]
Transition,conveyorPicAlphaInitialized,_tnEaMCZ6EeagIsaxH253Xw,[conveyorPicAlpha.Initialized]
Transition,refillConveyorInitialized,_yI_tQCZ6EeagIsaxH253Xw,[refillConveyor.Initialized]
Transition,largeSortingConveyorInitCompleted,_5WGNICZ6EeagIsaxH253Xw,[largeSortingConveyor.InitCompleted]
Transition,stampInitCompleted,_-11MQCZ6EeagIsaxH253Xw,[stamp.InitCompleted]
Transition,craneInitCompleted,_DiMNsCZ7EeagIsaxH253Xw,[crane.InitCompleted]
Transition,stackInitCompleted,_H4VukCZ7EeagIsaxH253Xw,[stack.InitCompleted]
Transition,NOTInitCompleted,_plwosGV3Eeab9L8V4_TyWg,[NOT InitCompleted]
Transition,InitCompleted,_MR9QYLcZEeaSbZaN2J4zjw,[InitCompleted]
Transition,Transition12mBoNgJEeaLleG51tH3Eg,_12mBoNgJEeaLleG51tH3Eg,
Transition,TransitionQdnjkNgKEeaLleG51tH3Eg,_QdnjkNgKEeaLleG51tH3Eg,
Transition,TransitiondlTykNgKEeaLleG51tH3Eg,_dlTykNgKEeaLleG51tH3Eg,
Transition,Transition97YskNgLEeaLleG51tH3Eg,_97YskNgLEeaLleG51tH3Eg,
Transition,Transition44PkNgLEeaLleG51tH3Eg,_-44PkNgLEeaLleG51tH3Eg,
Pseudostate,PseudostateZifjgCZ4EeagIsaxH253Xw,_ZifjgCZ4EeagIsaxH253Xw,
State,LargeSortingConveyorInit,_4k85gCZ5EeagIsaxH253Xw,LargeSortingConveyorInit
OpaqueBehavior,OpaqueBehaviorOfLargeSortingConveyorInit,_kHx2ALcZEeaSbZaN2J4zjw,largeSortingConveyor.ACT_Init()
State,CraneInit,_ArsXICZ6EeagIsaxH253Xw,Crane_Init
OpaqueBehavior,OpaqueBehaviorOfCraneInit,_mdBPELcZEeaSbZaN2J4zjw,crane.ACT_Init()
State,StampInit,_GQMhgCZ6EeagIsaxH253Xw,Stamp_Init
OpaqueBehavior,OpaqueBehaviorOfStampInit,_VkgZ0LcZEeaSbZaN2J4zjw,stamp.ACT_Init()
State,StackInit,_NMNRYCZ6EeagIsaxH253Xw,StackInit
OpaqueBehavior,OpaqueBehaviorOfStackInit,_g9z0YLcZEeaSbZaN2J4zjw,stack.ACT_Init()
FinalState,FinalStateTpHqcCZ6EeagIsaxH253Xw,_TpHqcCZ6EeagIsaxH253Xw,
State,InitCompleted,_DjY9wLcZEeaSbZaN2J4zjw,Init_Completed
OpaqueBehavior,OpaqueBehaviorOfInitCompleted,_KQM0ALcZEeaSbZaN2J4zjw,Now(InitCompleted)
State,ResetInit,_uZGVUNgJEeaLleG51tH3Eg,Reset_Init
OpaqueBehavior,OpaqueBehaviorOfResetInit,_-BveINgJEeaLleG51tH3Eg,Reset(StartButton)
Pseudostate,PseudostateHxvYkNgKEeaLleG51tH3Eg,_HxvYkNgKEeaLleG51tH3Eg,
State,EmergencyChecking,_RmIDwNgKEeaLleG51tH3Eg,EmergencyChecking
OpaqueBehavior,OpaqueBehaviorOfEmergencyChecking,_aAWeENgKEeaLleG51tH3Eg,EmergencyStop := stack.EmergencyStop OR largeSortingConveyor.EmergencyStop OR stamp.EmergencyStop OR crane.SoftwareEmergency OR stamp.SoftwareEmergency;
Pseudostate,Pseudostated2jeINgLEeaLleG51tH3Eg,_d2jeINgLEeaLleG51tH3Eg,
StateMachine,PPUACTEmergencyStop,_5kHGoCcMEeaCDM79dIZItg,PPU_ACT_EmergencyStop
Transition,refillConveyorswitchStopperDIRetracted,_-jblsCcfEea2HoRD4bUt5w,[refillConveyor.switchStopper.DI_Retracted]
Transition,true,_VYO-IEmZEeaPbYa44WUTPg,[true]
Transition,TransitionYUIHgEmZEeaPbYa44WUTPg,_YUIHgEmZEeaPbYa44WUTPg,
Transition,TransitioncMCNMEmZEeaPbYa44WUTPg,_cMCNMEmZEeaPbYa44WUTPg,
Transition,TransitionfEb9sEmZEeaPbYa44WUTPg,_fEb9sEmZEeaPbYa44WUTPg,
Transition,TransitionipNE8EmZEeaPbYa44WUTPg,_ipNE8EmZEeaPbYa44WUTPg,
Transition,TransitionsBaKcEmZEeaPbYa44WUTPg,_sBaKcEmZEeaPbYa44WUTPg,
Transition,TransitionttrfAEmZEeaPbYa44WUTPg,_ttrfAEmZEeaPbYa44WUTPg,
Transition,TransitionwKp3wEmZEeaPbYa44WUTPg,_wKp3wEmZEeaPbYa44WUTPg,
Transition,TransitionzHKFIEmZEeaPbYa44WUTPg,_zHKFIEmZEeaPbYa44WUTPg,
Transition,EmergencyHandled,_16RtAEmZEeaPbYa44WUTPg,[EmergencyHandled]
Transition,NOTEmergencyHandled,_8Ja3gGV_Eeab9L8V4_TyWg,[NOT EmergencyHandled]
Transition,stackEmergencyHandled,_arFLMNgMEeaLleG51tH3Eg,[stack.EmergencyHandled]
Transition,craneEmergencyHandled,_d23xwNgMEeaLleG51tH3Eg,[crane.EmergencyHandled]
Transition,largeSortingConveyorEmergencyHandled,_pu7k4NgMEeaLleG51tH3Eg,[largeSortingConveyor.EmergencyHandled]
Transition,stampEmergencyHandled,_yzlcQNgMEeaLleG51tH3Eg,[stamp.EmergencyHandled]
Pseudostate,PseudostateiAX04CcfEea2HoRD4bUt5w,_iAX04CcfEea2HoRD4bUt5w,
FinalState,FinalState99C7ICcfEea2HoRD4bUt5w,_99C7ICcfEea2HoRD4bUt5w,
State,StackEmergencyStop,_mxLR0EmXEeaPbYa44WUTPg,Stack_EmergencyStop
OpaqueBehavior,OpaqueBehaviorOfStackEmergencyStop,_JU7CELcaEeaSbZaN2J4zjw,stack.ACT_EmergencyStop()
State,CraneEmergencyStop,_pTCKkEmXEeaPbYa44WUTPg,Crane_EmergencyStop
OpaqueBehavior,OpaqueBehaviorOfCraneEmergencyStop,_LwcCQLcaEeaSbZaN2J4zjw,crane.ACT_EmergencyStop()
State,LargeSortingConveyorEmergencyStop,_rUGDYEmXEeaPbYa44WUTPg,LargeSortingConveyor_EmergencyStop
OpaqueBehavior,OpaqueBehaviorOfLargeSortingConveyorEmergencyStop,_NcMZcLcaEeaSbZaN2J4zjw,largeSortingConveyor.ACT_EmergencyStop()
State,StampEmergencyStop,__Jv_MEmXEeaPbYa44WUTPg,Stamp_EmergencyStop
OpaqueBehavior,OpaqueBehaviorOfStampEmergencyStop,_PATQgLcaEeaSbZaN2J4zjw,stamp.ACT_EmergencyStop()
State,EmergencyHandled,_AxufYGWAEeab9L8V4_TyWg,Emergency_Handled
OpaqueBehavior,OpaqueBehaviorOfEmergencyHandled,_Gnpw8GWAEeab9L8V4_TyWg,Now(EmergencyHandled)
StateMachine,PPUStateMachine,_CmulYLcSEeaSbZaN2J4zjw,PPU_StateMachine
Transition,true,_FsOhQLcTEeaSbZaN2J4zjw,[true]
Transition,StartButton,_QzxdcLcTEeaSbZaN2J4zjw,[StartButton]
Transition,true,_-g-mELcTEeaSbZaN2J4zjw,[true]
Transition,InitCompleted,__3UG4LcTEeaSbZaN2J4zjw,[InitCompleted]
Transition,true,_rL4HsLcVEeaSbZaN2J4zjw,[true]
Transition,EmergencyStop,_sem64LcVEeaSbZaN2J4zjw,[EmergencyStop]
Transition,EmergencyHandled,_y5T4ALcWEeaSbZaN2J4zjw,[EmergencyHandled]
Transition,NOTEmergencyStop,_RWkrsLcXEeaSbZaN2J4zjw,[NOT EmergencyStop]
Transition,StartButton,_j8wjsLcXEeaSbZaN2J4zjw,[StartButton]
Transition,EmergencyStop,_x2tWELcXEeaSbZaN2J4zjw,[EmergencyStop]
Pseudostate,PseudostateoaxZYLcSEeaSbZaN2J4zjw,_oaxZYLcSEeaSbZaN2J4zjw,
State,Start,_pLcoYLcSEeaSbZaN2J4zjw,Start
OpaqueBehavior,OpaqueBehaviorOfStart,_NcZyINgGEeaLleG51tH3Eg,StartButton := stack.StartButton OR largeSortingConveyor.StartButton OR stamp.StartButton
State,Initialisation,_rNpwsLcSEeaSbZaN2J4zjw,Initialisation
OpaqueBehavior,OpaqueBehaviorOfInitialisation,_IFwvALcUEeaSbZaN2J4zjw,ACT_Init()
OpaqueBehavior,OpaqueBehaviorOfInitialisation,_oXzIcLcTEeaSbZaN2J4zjw,InitCompleted:=false; largeSortingConveyor.panel.ACT_TurnLampWhite_On(); stack.panel.ACT_TurnLampWhite_On(); stamp.panel.ACT_TurnLampWhite_On(); largeSortingConveyor.panel.ACT_TurnLampGreen_Off(); stack.panel.ACT_TurnLampGreen_Off(); stamp.panel.ACT_TurnLampGreen_Off();
State,AutomaticExecute,_tf5gILcSEeaSbZaN2J4zjw,AutomaticExecute
OpaqueBehavior,OpaqueBehaviorOfAutomaticExecute,_CRRLYLcVEeaSbZaN2J4zjw,ACT_AutomaticExecute()
OpaqueBehavior,OpaqueBehaviorOfAutomaticExecute,_Pv-BoLcUEeaSbZaN2J4zjw,AutomaticExecuteCompleted:=false; largeSortingConveyor.panel.ACT_TurnLampWhite_Off(); stack.panel.ACT_TurnLampWhite_Off(); stamp.panel.ACT_TurnLampWhite_Off(); largeSortingConveyor.panel.ACT_TurnLampGreen_On(); stack.panel.ACT_TurnLampGreen_On(); stamp.panel.ACT_TurnLampGreen_On();
State,EmergencyStop,_vzNmkLcSEeaSbZaN2J4zjw,Emergency_Stop
OpaqueBehavior,OpaqueBehaviorOfEmergencyStop,_nkE6kLcVEeaSbZaN2J4zjw,ACT_EmergencyStop()
OpaqueBehavior,OpaqueBehaviorOfEmergencyStop,_SBFTMLcVEeaSbZaN2J4zjw,EmergencyHandled:=false; largeSortingConveyor.panel.ACT_TurnLampWhite_Off(); stack.panel.ACT_TurnLampWhite_Off(); stamp.panel.ACT_TurnLampWhite_Off(); largeSortingConveyor.panel.ACT_TurnLampGreen_Off(); stack.panel.ACT_TurnLampGreen_Off(); stamp.panel.ACT_TurnLampGreen_Off();
State,ReadyToInitialiseAgain,_zHxuoLcSEeaSbZaN2J4zjw,ReadyToInitialiseAgain
OpaqueBehavior,OpaqueBehaviorOfReadyToInitialiseAgain,_-03rELcWEeaSbZaN2J4zjw,EmergencyStop := stack.EmergencyStop OR largeSortingConveyor.EmergencyStop OR stamp.EmergencyStop OR crane.SoftwareEmergency OR stamp.SoftwareEmergency; StartButton := stack.StartButton OR largeSortingConveyor.StartButton OR stamp.StartButton; IF(StartButton)THEN stamp.SoftwareEmergency:=FALSE; crane.SoftwareEmergency:=FALSE END_IF
Pseudostate,Pseudostate83rtALcTEeaSbZaN2J4zjw,_83rtALcTEeaSbZaN2J4zjw,
Pseudostate,PseudostateprR3oLcVEeaSbZaN2J4zjw,_prR3oLcVEeaSbZaN2J4zjw,
Operation,AutomaticExecute,_34-LMBzfEeaVKKE7CcnSSg,Automatic_Execute
Operation,Initialisation,_SUKUkCZ4EeagIsaxH253Xw,Initialisation
Operation,EmergencyStop,_K_UZQCcNEeaCDM79dIZItg,EmergencyStop
Class,Stack,_P1xSIBHVEeaen93uATCTQQ,Stack
Property,StartButton,_QuGvQNgNEeaLleG51tH3Eg,StartButton
Property,InitCompleted,_dMpoIBHfEeaIeI6F5gdpJg,InitCompleted
Property,AutomaticExecuteCompleted,_0fnXELYcEeaPAdOs73iMYQ,AutomaticExecuteCompleted
Property,EmergencyStop,_Wz-hUNgNEeaLleG51tH3Eg,EmergencyStop
Property,EmergencyHandled,_PQIEgGSBEeaP7aiWefDRgg,EmergencyHandled
Property,WPProvided,_aSZBABHgEeaIeI6F5gdpJg,WPProvided
Property,WPType,_mbruEBHgEeaIeI6F5gdpJg,WPType
Property,CheckCranePickedUpWP,_kc3Y4NgNEeaLleG51tH3Eg,Check_Crane_PickedUpWP
Property,panel,_JTiEcxHmEeaIeI6F5gdpJg,panel
Property,seperator,_KG4M8xHmEeaIeI6F5gdpJg,seperator
Property,WPAvailable,_LN6GcxHmEeaIeI6F5gdpJg,WPAvailable
Property,inductiveSensor,_L4sI0xHmEeaIeI6F5gdpJg,inductiveSensor
Property,opticalSensor,_MmUq4xHmEeaIeI6F5gdpJg,opticalSensor
StateMachine,StackACTProvideWP,_zPV5YBz6EeaHnYHMiM-I7Q,Stack_ACT_ProvideWP
Transition,NOTWPAvailableDISwitchTrue,_pAOkkBz7Eeagv-kRpDakmQ,[NOT WPAvailable.DI_SwitchTrue]
Transition,seperatorExtendedandWPAvailableDISwitchTrue,_uyXiUBz7Eeagv-kRpDakmQ,[seperator.Extended and WPAvailable.DI_SwitchTrue]
Transition,NOTinductiveSensorDIWPMetallicandNOTopticalSensorDIWPLight,__CAZsBz7Eeagv-kRpDakmQ,[NOT inductiveSensor.DI_WPMetallic and NOT opticalSensor.DI_WPLight]
Transition,NOTinductiveSensorDIWPMetallicandopticalSensorDIWPLight,_Sz524Bz8Eeagv-kRpDakmQ,[NOT  inductiveSensor.DI_WPMetallic and opticalSensor.DI_WPLight]
Transition,inductiveSensorDIWPMetallic,_iA6MkBz8Eeagv-kRpDakmQ,[ inductiveSensor.DI_WPMetallic]
Transition,WPTypeMetallic,_vKIFkBz8Eeagv-kRpDakmQ,[WPType=Metallic]
Transition,AIWeight12000,_0uf3oBz9Eeagv-kRpDakmQ,[AI_Weight < 12000]
Transition,WPTypeWhite,_7KiG8Bz9Eeagv-kRpDakmQ,[WPType=White]
Transition,WPTypeBlack,_9G-lgBz9Eeagv-kRpDakmQ,[WPType=Black]
Transition,true,_LFB0wBz-Eeagv-kRpDakmQ,[true]
Transition,WPProvided,_7asd0DkgEea8uOUb4gQg2Q,[WPProvided]
Transition,true,_iNSyQD6nEea_loQFEJgOAg,[true]
Transition,TransitiondzagD6nEealoQFEJgOAg,_-dzagD6nEea_loQFEJgOAg,
Transition,true,_yPXw4LcbEeaSbZaN2J4zjw,[true]
Pseudostate,PseudostatednqJ0Bz7EeagvkRpDakmQ,_dnqJ0Bz7Eeagv-kRpDakmQ,
State,Extending,_gsU0sBz7Eeagv-kRpDakmQ,Extending
OpaqueBehavior,OpaqueBehaviorOfExtending,_YDh0EKXNEeaaifhFzThDQw,seperator.ACT_Extend()
Pseudostate,PseudostatetPQJwBz7EeagvkRpDakmQ,_tPQJwBz7Eeagv-kRpDakmQ,
State,DetectingBlack,_10HGwBz7Eeagv-kRpDakmQ,DetectingBlack
OpaqueBehavior,OpaqueBehaviorOfDetectingBlack,_614XgBz7Eeagv-kRpDakmQ,Set(WPType:=eWPType.Black)
State,DetectingWhite,_Kb_wwBz8Eeagv-kRpDakmQ,DetectingWhite
OpaqueBehavior,OpaqueBehaviorOfDetectingWhite,_PIgjMBz8Eeagv-kRpDakmQ,Set(WPType:=eWPType.White)
State,DetectingMetallic,_a1STYBz8Eeagv-kRpDakmQ,DetectingMetallic
OpaqueBehavior,OpaqueBehaviorOfDetectingMetallic,_e3zGkBz8Eeagv-kRpDakmQ,Set(WPType:=eWPType.Metallic)
State,WPSeperated,_frGWUBz9Eeagv-kRpDakmQ,WPSeperated
OpaqueBehavior,OpaqueBehaviorOfWPSeperated,_k84ZABz9Eeagv-kRpDakmQ,Set(WPProvided)
FinalState,FinalStateI0adABzEeagvkRpDakmQ,_I0adABz-Eeagv-kRpDakmQ,
State,WPReady,_pcatgLcbEeaSbZaN2J4zjw,WPReady
OpaqueBehavior,OpaqueBehaviorOfWPReady,_k15ugNgOEeaLleG51tH3Eg,Reset(WPType)
StateMachine,StackACTInit,_6FozgCZVEeaJisLddm0vsw,Stack_ACT_Init
Transition,NOTInitCompletedANDNOTWPAvailableDISwitchTrue,_tHpdoCZWEeaJisLddm0vsw,[NOT InitCompleted AND NOT WPAvailable.DI_SwitchTrue)]
Transition,seperatorRetracted,_vkHgECZWEeaJisLddm0vsw,[seperator.Retracted]
Transition,NOTInitCompletedANDWPAvailableDISwitchTrue,_R7sQcDkfEea8uOUb4gQg2Q,[NOT InitCompleted AND WPAvailable.DI_SwitchTrue]
Transition,true,_etoR4DkfEea8uOUb4gQg2Q,[true]
Transition,WPProvided,_ndBq8DkfEea8uOUb4gQg2Q,[WPProvided]
Transition,InitCompleted,_4T-Z8DkfEea8uOUb4gQg2Q,[InitCompleted]
Pseudostate,PseudostateafLGoCZWEeaJisLddm0vsw,_afLGoCZWEeaJisLddm0vsw,
State,RetractCylinder,_bx-LQCZWEeaJisLddm0vsw,Retract_Cylinder
OpaqueBehavior,OpaqueBehaviorOfRetractCylinder,_lenPsCZWEeaJisLddm0vsw,seperator.ACT_Retract()
FinalState,FinalStateqbCGYCZWEeaJisLddm0vsw,_qbCGYCZWEeaJisLddm0vsw,
State,SetWPParameter,_yfyfsDkdEea8uOUb4gQg2Q,SetWPParameter
OpaqueBehavior,OpaqueBehaviorOfSetWPParameter,_-PnxIKXMEeaaifhFzThDQw,WPType:=(Black OR White OR Metallic) AND WPProvided
Pseudostate,PseudostateacfM0DkfEea8uOUb4gQg2Q,_acfM0DkfEea8uOUb4gQg2Q,
State,SetInitCompleted,_x996IDkfEea8uOUb4gQg2Q,SetInitCompleted
OpaqueBehavior,OpaqueBehaviorOfSetInitCompleted,_0-vjgDkfEea8uOUb4gQg2Q,Now(InitCompleted)
StateMachine,StackACTAutomaticExecute,_wNJvEEgNEeavyPrpKniqtA,Stack_ACT_AutomaticExecute
Transition,NOTAutomaticExecuteCompleted,_rdtH8EgOEeavyPrpKniqtA,[NOT AutomaticExecuteCompleted]
Transition,aftert250ms,_sJkvcEgOEeavyPrpKniqtA,[after(t#250ms)]
Transition,WPProvided,_svCM8EgOEeavyPrpKniqtA,[WPProvided]
Transition,NOTWPAvailableDISwitchTrueANDCheckCranePickedUpWP,_tZOZcEgOEeavyPrpKniqtA,[NOT WPAvailable.DI_SwitchTrue AND Check_Crane_PickedUpWP]
Transition,seperatorRetracted,_uKKHIEgOEeavyPrpKniqtA,[seperator.Retracted]
Transition,NOTWPAvailableDISwitchTrue,_-r-mELccEeaSbZaN2J4zjw,[NOT WPAvailable.DI_SwitchTrue]
Transition,WPAvailableDISwitchTrue,_GHHh8LcdEeaSbZaN2J4zjw,[WPAvailable.DI_SwitchTrue]
Transition,WPProvided,_RB8QwLcdEeaSbZaN2J4zjw,[WPProvided]
Pseudostate,PseudostateDLeaQEgOEeavyPrpKniqtA,_DLeaQEgOEeavyPrpKniqtA,
State,ShortDelay,_D9JHwEgOEeavyPrpKniqtA,ShortDelay
State,ProvideWP,_KWyKYEgOEeavyPrpKniqtA,Provide_WP
OpaqueBehavior,OpaqueBehaviorOfProvideWP,_kEjwIEgOEeavyPrpKniqtA,ACT_ProvideWP()
State,WaitingForCranePickingUp,_USeXcEgOEeavyPrpKniqtA,WaitingForCranePickingUp
State,StackRetracing,_XOif8EgOEeavyPrpKniqtA,StackRetracing
OpaqueBehavior,OpaqueBehaviorOfStackRetracing,_qQSSkEgOEeavyPrpKniqtA,seperator.ACT_Retract(); Reset(WPProvided);
Pseudostate,Pseudostate5wSIILccEeaSbZaN2J4zjw,_5wSIILccEeaSbZaN2J4zjw,
State,DontProvideWP,_A5EvwLcdEeaSbZaN2J4zjw,Dont_Provide_WP
OpaqueBehavior,OpaqueBehaviorOfDontProvideWP,_FL-IULcdEeaSbZaN2J4zjw,Now(WPProvided)
StateMachine,StackACTEmergencyStop,_pEwswEmREeaPbYa44WUTPg,Stack_ACT_EmergencyStop
Transition,NOTEmergencyHandled,_9OL5IEmREeaPbYa44WUTPg,[NOT EmergencyHandled]
Transition,seperatorRetracted,_9xwgQEmREeaPbYa44WUTPg,[seperator.Retracted]
Transition,EmergencyHandled,_XSrQgGVDEeaSMugellPalg,[EmergencyHandled]
Transition,NOTInitCompletedANDNOTAutomaticExecuteCompleted,__oJzkNgPEeaLleG51tH3Eg,NOT InitCompleted AND NOT AutomaticExecuteCompleted
State,SeperatorRetracting,_wyAsUEmREeaPbYa44WUTPg,SeperatorRetracting
OpaqueBehavior,OpaqueBehaviorOfSeperatorRetracting,_49guIEmREeaPbYa44WUTPg,seperator.ACT_Retract()
Pseudostate,Pseudostate5tFYEmREeaPbYa44WUTPg,_5-tFYEmREeaPbYa44WUTPg,
FinalState,FinalState7GGLQEmREeaPbYa44WUTPg,_7GGLQEmREeaPbYa44WUTPg,
State,EmergencyHandled,_PGLJIGVDEeaSMugellPalg,EmergencyHandled
OpaqueBehavior,OpaqueBehaviorOfEmergencyHandled,_T5OocGVDEeaSMugellPalg,Now(EmergencyHandled)
State,ResetVariables,_zkZt0NgPEeaLleG51tH3Eg,ResetVariables
OpaqueBehavior,OpaqueBehaviorOfResetVariables,_7KkN8NgPEeaLleG51tH3Eg,InitCompleted:=FASLE; AutomaticExecuteCompleted:=FALSE; WPType:=null;
StateMachine,StackStateMachine,_qFgcYNgNEeaLleG51tH3Eg,Stack_StateMachine
Transition,TransitionJHsiENgOEeaLleG51tH3Eg,_JHsiENgOEeaLleG51tH3Eg,
Transition,TransitionM1V4gNgOEeaLleG51tH3Eg,_M1V4gNgOEeaLleG51tH3Eg,
Pseudostate,Pseudostate3jgSkNgNEeaLleG51tH3Eg,_3jgSkNgNEeaLleG51tH3Eg,
State,State,_4yiRgNgNEeaLleG51tH3Eg,State
OpaqueBehavior,OpaqueBehaviorOfState,_G9iXoNgOEeaLleG51tH3Eg,Panel(); StartButton:=panel.StartButton; EmergencyStop:=panel.EmergencyStop; Check_Crane_PickedUpWP:=Main.Crane_PickedUpStackWP;
FinalState,FinalStateK97D4NgOEeaLleG51tH3Eg,_K97D4NgOEeaLleG51tH3Eg,
Operation,ACTInit,__mf04BHZEeaIeI6F5gdpJg,ACT_Init
Operation,ACTProvideWP,_KdX30BHaEeaIeI6F5gdpJg,ACT_ProvideWP
Operation,ACTAutomaticExecute,_6iEJ4EgMEeavyPrpKniqtA,ACT_AutomaticExecute
Operation,ACTEmergencyStop,_O_qMIEmREeaPbYa44WUTPg,ACT_EmergencyStop
Class,Crane,_uUK40BHWEeaE9dGXaplL2g,Crane
Property,InitCompleted,_nmfocBHtEeaIeI6F5gdpJg,InitCompleted
Property,AutomaticExecuteCompleted,_hDjIAGRvEeaP7aiWefDRgg,AutomaticExecuteCompleted
Property,ConveyorAllowedToOperate,_KdDcQGRvEeaP7aiWefDRgg,Conveyor_AllowedToOperate
Property,StampAllowedToOperate,_Mcu1AGRvEeaP7aiWefDRgg,Stamp_AllowedToOperate
Property,SoftwareEmergency,_RT3acDkqEeaKtZr8UL9QRw,SoftwareEmergency
Property,EmergencyHandled,_RNhlUGSBEeaP7aiWefDRgg,EmergencyHandled
Property,WPPickedUp,_svhXwBHtEeaIeI6F5gdpJg,WPPickedUp
Property,liftingCylinder,_e-XNoxHwEeaIeI6F5gdpJg,liftingCylinder
Property,gripper,_f5IMwxHwEeaIeI6F5gdpJg,gripper
Property,WPPutDown,_WbZgELYdEeaPAdOs73iMYQ,WPPutDown
Property,table,_gkVs8hHwEeaIeI6F5gdpJg,table
Property,ReachedStack,_qI4ssBHtEeaIeI6F5gdpJg,ReachedStack
Property,ReachedConveyor,_VDiYULepEeaN5KNu953fkQ,ReachedConveyor
Property,ReachedStamp,_WzTFwLepEeaN5KNu953fkQ,ReachedStamp
Property,WPType,_c0WkAKdoEeaW3-nj19_RIA,WPType
Property,CheckStackWPProvided,_dfRX0NgREeaLleG51tH3Eg,Check_Stack_WPProvided
Property,CheckStackWPType,_hASngNgREeaLleG51tH3Eg,Check_Stack_WPType
Property,CheckLargeSortingConveyorIsSorting,_lOg7cNgREeaLleG51tH3Eg,Check_LargeSortingConveyor_IsSorting
Property,CheckLargeSortingConveyorAutomaticExecuteCompleted,_n4o_YNgREeaLleG51tH3Eg,Check_LargeSortingConveyor_AutomaticExecuteCompleted
Property,CheckStampIsStamping,_rR72cNgREeaLleG51tH3Eg,Check_Stamp_IsStamping
Property,CheckStampWPAvailable,_ts8gUNgREeaLleG51tH3Eg,Check_Stamp_WPAvailable
Property,CheckStampAutomaticExecuteCompleted,_xWZ6UNgREeaLleG51tH3Eg,Check_Stamp_AutomaticExecuteCompleted
StateMachine,CraneACTPickUpWP,_qXFm0B0cEeadAbUBHmmxrA,Crane_ACT_PickUpWP
Transition,true,_XPX5oB0dEeaqTamzC3sbDA,[true]
Transition,liftingCylinderExtended,_uM-d0B0dEeaqTamzC3sbDA,[liftingCylinder.Extended]
Transition,aftert2s,_-3xAIB0dEeaqTamzC3sbDA,[after(t#2s)]
Transition,gripperIntaken,_ji32IB0eEeaqTamzC3sbDA,[gripper.Intaken]
Transition,SoftwareEmergency,_ocq2oB0eEeaqTamzC3sbDA,[SoftwareEmergency]
Transition,liftingCylinderRetracted,_pH0FYB0eEeaqTamzC3sbDA,[liftingCylinder.Retracted]
Transition,liftingCylinderDIExtended,_T97mYDedEeaEJ7sHqHqVdA,[liftingCylinder.DI_Extended]
Transition,WPPickedUp,_ERr6gDeeEeaEJ7sHqHqVdA,[WPPickedUp]
Transition,ReachedStack,_XgZTsNgTEeaLleG51tH3Eg,[ReachedStack]
Transition,ReachedStamp,_msOksNgTEeaLleG51tH3Eg,[ReachedStamp]
Transition,WPTypeMainStackWPType,_5TmIcNgTEeaLleG51tH3Eg,[WPType=Main.Stack_WPType]
Transition,WPTypeMainStampWPType,_6IyrENgTEeaLleG51tH3Eg,[WPType=Main.Stamp_WPType]
Pseudostate,PseudostateOujIEB0dEeaqTamzC3sbDA,_OujIEB0dEeaqTamzC3sbDA,
State,CraneDown,_PrWukB0dEeaqTamzC3sbDA,Crane_Down
OpaqueBehavior,OpaqueBehaviorOfCraneDown,_TlELEB0dEeaqTamzC3sbDA,liftingCylinder.Extend()
State,TurnOnVacuum,_aLrSsB0dEeaqTamzC3sbDA,Turn_On_Vacuum
OpaqueBehavior,OpaqueBehaviorOfTurnOnVacuum,_gQTuoB0dEeaqTamzC3sbDA,gripper.ACT_Intake()
State,Error,_2wk2kB0dEeaqTamzC3sbDA,Error
OpaqueBehavior,OpaqueBehaviorOfError,_7AwSUB0dEeaqTamzC3sbDA,Now(SoftwareEmergency)
State,CraneUp,_V6xBsB0eEeaqTamzC3sbDA,Crane_Up
OpaqueBehavior,OpaqueBehaviorOfCraneUp,_bgq6QB0eEeaqTamzC3sbDA,liftingCylinder.ACT_Retract()
FinalState,FinalStatenX18kB0eEeaqTamzC3sbDA,_nX18kB0eEeaqTamzC3sbDA,
State,WPPickedUP,_52d40DedEeaEJ7sHqHqVdA,WPPickedUP
OpaqueBehavior,OpaqueBehaviorOfWPPickedUP,_C7rJ0DeeEeaEJ7sHqHqVdA,Now(WPPickedUp)
State,WpTypeIsWPTypeStack,_DFze0NgTEeaLleG51tH3Eg,WpType_Is_WPTypeStack
OpaqueBehavior,OpaqueBehaviorOfWpTypeIsWPTypeStack,_PdkswNgTEeaLleG51tH3Eg,WPType:=Main.Stack_WPType
Pseudostate,PseudostateQlHjoNgTEeaLleG51tH3Eg,_QlHjoNgTEeaLleG51tH3Eg,
State,WPTypeIsWPTypeStamp,_cOL4gNgTEeaLleG51tH3Eg,WPType_Is_WPTypeStamp
OpaqueBehavior,OpaqueBehaviorOfWPTypeIsWPTypeStamp,_lQm7QNgTEeaLleG51tH3Eg,WPType:=Main.Stamp_WPType
StateMachine,CraneACTPutDownWP,_My8sIB0fEeaqTamzC3sbDA,Crane_ACT_PutDownWP
Transition,true,_hponIB0fEeaqTamzC3sbDA,[true]
Transition,liftingCylinderExtended,_pNMfMB0fEeaqTamzC3sbDA,[liftingCylinder.Extended]
Transition,gripperReleased,_5h6D0B0fEeaqTamzC3sbDA,[gripper.Released]
Transition,liftingCylinderRetracted,_CisH0B0gEeaqTamzC3sbDA,[liftingCylinder.Retracted]
Transition,aftert0ms,_ydrQ4DeeEeaEJ7sHqHqVdA,[after(t#0ms)]
Transition,aftert1000ms,_3mp84DeeEeaEJ7sHqHqVdA,[after(t#1000ms)]
Transition,aftert2000ms,_5MMXUDeeEeaEJ7sHqHqVdA,[after(t#2000ms)]
Transition,WPPutDown,_TLCe8DefEeaEJ7sHqHqVdA,[WPPutDown]
Pseudostate,PseudostateWLJKkB0fEeaqTamzC3sbDA,_WLJKkB0fEeaqTamzC3sbDA,
State,LowerCrane,_XC2OoB0fEeaqTamzC3sbDA,Lower_Crane
OpaqueBehavior,OpaqueBehaviorOfLowerCrane,_bbJroB0fEeaqTamzC3sbDA,lifitngCylinder.ACT_Extend()
State,PutWPDown,_jW6BQB0fEeaqTamzC3sbDA,Put_WP_Down
OpaqueBehavior,OpaqueBehaviorOfPutWPDown,_mdafMB0fEeaqTamzC3sbDA,gripper.ACT_Release()
State,MoveCraneUp,_y_36MB0fEeaqTamzC3sbDA,Move_Crane_Up
OpaqueBehavior,OpaqueBehaviorOfMoveCraneUp,_3CSmwB0fEeaqTamzC3sbDA,crane.ACT_Retract()
FinalState,FinalStateBPk6IB0gEeaqTamzC3sbDA,_BPk6IB0gEeaqTamzC3sbDA,
State,WPReleased,_InzwwDefEeaEJ7sHqHqVdA,WPReleased
OpaqueBehavior,OpaqueBehaviorOfWPReleased,_Pg8LwDefEeaEJ7sHqHqVdA,Now(WPPutDown)
StateMachine,CraneACTMoveToStack,_u-jFQB2MEea4IeFnYXjnhQ,Crane_ACT_MoveToStack
Transition,DestinationConveyor,_RrMVYCJtEeam_MaPu_s0xQ,[Destination=Conveyor]
Transition,tableAIAngletableDestinationAngletableDelta,_hgVpICJtEeam_MaPu_s0xQ,[table.AI_Angle>table.DestinationAngle+table.Delta]
Transition,Transitionni2lMCJtEeamMaPus0xQ,_ni2lMCJtEeam_MaPu_s0xQ,
Transition,tableDestinationAngletableDeltatableAIAngletableDestinationAngletableDelta,_vYQbMCJtEeam_MaPu_s0xQ,[(table.DestinationAngle-table.Delta)<table.AI_Angle<(table.DestinationAngle+table.Delta)]
Transition,true,_HTeeMCJuEeam_MaPu_s0xQ,[true]
Transition,true,_e_qxQCJvEeam_MaPu_s0xQ,[true]
Transition,ReachedStack,_cebdQDecEeaEJ7sHqHqVdA,[ReachedStack]
Transition,true,_gnT-MDecEeaEJ7sHqHqVdA,[true]
Transition,tablepotentiometerAtStack,_sJehMH5mEeaf0bAzsfqfCg,[table.potentiometer.AtStack]
Transition,true,_dISwQKp0EeavAeyl8MSWPw,[true]
Transition,afterT8000ms,_e5qAMKp0EeavAeyl8MSWPw,[after(T#8000ms)]
Transition,tablepotentiometerAtStack,_v9t-IKp0EeavAeyl8MSWPw,[table.potentiometer.AtStack]
Transition,tablemotorStopped,_BKXJANgXEeaLleG51tH3Eg,[table.motor.Stopped]
Pseudostate,PseudostateiRBxICJrEeamMaPus0xQ,_iRBxICJrEeam_MaPu_s0xQ,
State,TurnClockwise,_xXXBoCJsEeam_MaPu_s0xQ,Turn_Clockwise
OpaqueBehavior,OpaqueBehaviorOfTurnClockwise,_2P420CJsEeam_MaPu_s0xQ,table.motor.ACT_TurnClockwise()
State,StopCrane,_AMJEkCJtEeam_MaPu_s0xQ,StopCrane
OpaqueBehavior,OpaqueBehaviorOfStopCrane,_Db5lICJtEeam_MaPu_s0xQ,table.motor.ACT_Stop()
FinalState,FinalStateP7EbkCJtEeamMaPus0xQ,_P7EbkCJtEeam_MaPu_s0xQ,
Pseudostate,PseudostateNcRjUKp0EeavAeyl8MSWPw,_NcRjUKp0EeavAeyl8MSWPw,
State,TrunCounterclockwise,_WE17oKp0EeavAeyl8MSWPw,Trun_Counterclockwise
OpaqueBehavior,OpaqueBehaviorOfTrunCounterclockwise,_s1jTUKp0EeavAeyl8MSWPw,table.motor.ACT_TurnCounterclockwise()
State,SetReachedStack,_3ux_YNgWEeaLleG51tH3Eg,SetReachedStack
OpaqueBehavior,OpaqueBehaviorOfSetReachedStack,_6vhzkNgWEeaLleG51tH3Eg,Now(ReachedStack)
StateMachine,CraneACTMoveToConveyor,_0U5-AB0gEeaBEZ7zCEzc9Q,Crane_ACT_MoveToConveyor
Transition,true,_bZjeQB0hEeaBEZ7zCEzc9Q,[true]
Transition,true,_fb-8cB0iEeaBEZ7zCEzc9Q,[true]
Transition,ReachedConveyor,_RegqEB0kEeaBEZ7zCEzc9Q,[ReachedConveyor]
Transition,true,_IuYbwB0lEeaBEZ7zCEzc9Q,[true]
Transition,nottableAtConveyorDISwitchTrueANDnotPPUEmergency,_0BeGQDebEeaEJ7sHqHqVdA,[not table.AtConveyor.DI_SwitchTrue AND not PPU.Emergency]
Transition,tablepotentiometerAtStack,_gjnt0H5lEeaf0bAzsfqfCg,[table.potentiometer.AtStack]
Transition,tablepotentiometerAtStamp,_k0GEgH5lEeaf0bAzsfqfCg,[table.potentiometer.AtStamp]
Transition,NOTtablepotentiometerAtStackANDtablepotentiometerAtStamp,_0AMbQH5lEeaf0bAzsfqfCg,[NOT (table.potentiometer.AtStack AND table.potentiometer.AtStamp)]
Transition,true,_8knTYH5lEeaf0bAzsfqfCg,[true]
Transition,aftert5sANDNOTtablepotentiometerAtConveyor,_IXPM4H5mEeaf0bAzsfqfCg,[after(t#5s) AND NOT table.potentiometer.AtConveyor]
Transition,tablepotentiometerAtConveyor,_OYztwH5mEeaf0bAzsfqfCg,[table.potentiometer.AtConveyor]
Transition,tablepotentiometerAtConveyor,_Qrx18H5mEeaf0bAzsfqfCg,[table.potentiometer.AtConveyor]
Transition,tablepotentiometerAtConveyor,_VNKWcH5mEeaf0bAzsfqfCg,[table.potentiometer.AtConveyor]
Transition,tablepotentiometerAtConveyor,_XqoecH5mEeaf0bAzsfqfCg,[table.potentiometer.AtConveyor]
Transition,true,_bynegKXZEeaaifhFzThDQw,[true]
Transition,tablemotorStopped,_v1HJ4NgVEeaLleG51tH3Eg,[table.motor.Stopped]
Pseudostate,PseudostateGQuqYB0hEeaBEZ7zCEzc9Q,_GQuqYB0hEeaBEZ7zCEzc9Q,
Pseudostate,PseudostatedQBbMB0iEeaBEZ7zCEzc9Q,_dQBbMB0iEeaBEZ7zCEzc9Q,
State,TurnCounterclockwise,_km1QsB0iEeaBEZ7zCEzc9Q,Turn_Counterclockwise
OpaqueBehavior,OpaqueBehaviorOfTurnCounterclockwise,_uCEcEB0iEeaBEZ7zCEzc9Q,table.motor.ACT_TurnCounterClockwise()
State,StopCrane,_L7xPsB0jEeaBEZ7zCEzc9Q,StopCrane
OpaqueBehavior,OpaqueBehaviorOfStopCrane,_SRsP8B0jEeaBEZ7zCEzc9Q,table.motor.ACT_Stop()
State,TurnClockwise,_oR-3UB0jEeaBEZ7zCEzc9Q,Turn_Clockwise
OpaqueBehavior,OpaqueBehaviorOfTurnClockwise,_tl1WkB0jEeaBEZ7zCEzc9Q,table.motor.ACT_TurnClockwise()
FinalState,FinalStateGVFpIB0lEeaBEZ7zCEzc9Q,_GVFpIB0lEeaBEZ7zCEzc9Q,
State,FirstTurnCounterclockwise,_reXkIH5lEeaf0bAzsfqfCg,First_Turn_Counterclockwise
OpaqueBehavior,OpaqueBehaviorOfFirstTurnCounterclockwise,_wBCeEH5lEeaf0bAzsfqfCg,table.motor.ACT_TurnCounterclockwise()
Pseudostate,Pseudostate6nSEAH5lEeaf0bAzsfqfCg,_6nSEAH5lEeaf0bAzsfqfCg,
State,SecondTurnClockwise,__0vnYH5lEeaf0bAzsfqfCg,Second_Turn_Clockwise
OpaqueBehavior,OpaqueBehaviorOfSecondTurnClockwise,_EzmuEH5mEeaf0bAzsfqfCg,table.motor.ACT_TurnClockwise()
State,SetReachedConveyor,_ktUWENgVEeaLleG51tH3Eg,SetReachedConveyor
OpaqueBehavior,OpaqueBehaviorOfSetReachedConveyor,_rmP8wNgVEeaLleG51tH3Eg,Now(ReachedConveoyr)
StateMachine,CraneACTMoveToStamp,_k7_sICJ3Eeam_MaPu_s0xQ,Crane_ACT_MoveToStamp
Transition,DestinationConveyor,_jUoP8CPbEeai14JfVfaFXw,[Destination=Conveyor]
Transition,tableAIAngletableDestinationAngletableDelta,_XDEiQCPcEeai14JfVfaFXw,[table.AI_Angle>table.DestinationAngle-table.Delta]
Transition,TransitionYlk20CPcEeai14JfVfaFXw,_Ylk20CPcEeai14JfVfaFXw,
Transition,tableDestinationAngletableDeltatableAIAngletableDestinationAngletableDelta,_bRm_QCPcEeai14JfVfaFXw,[(table.DestinationAngle-table.Delta)<table.AI_Angle<(table.DestinationAngle+table.Delta)]
Transition,true,_0dGXUCPcEeai14JfVfaFXw,[true]
Transition,ReachedStamp,_iuShUCPeEeai14JfVfaFXw,[ReachedStamp]
Transition,true,_rwYkYDecEeaEJ7sHqHqVdA,[true]
Transition,tablepotentiometerAtStamp,_6RJmgH5mEeaf0bAzsfqfCg,[table.potentiometer.AtStamp]
Transition,true,_QzeTMKp1EeavAeyl8MSWPw,[true]
Transition,afterT8000ms,_aD-1QKp1EeavAeyl8MSWPw,[after(T#8000ms)]
Transition,tablepotentiometerAtStamp,_ebTa0Kp1EeavAeyl8MSWPw,[table.potentiometer.AtStamp]
Transition,tablemotorStopped,_jnlLINgXEeaLleG51tH3Eg,[table.motor.Stopped]
Pseudostate,PseudostateflBxsCPbEeai14JfVfaFXw,_flBxsCPbEeai14JfVfaFXw,
State,TurnCounterclockwise,_Sxaf0CPcEeai14JfVfaFXw,Turn_Counterclockwise
OpaqueBehavior,OpaqueBehaviorOfTurnCounterclockwise,_WOOk8CPcEeai14JfVfaFXw,table.motor.ACT_TurnCounterclockwise()
State,StopCrane,_Z9dPwCPcEeai14JfVfaFXw,StopCrane
OpaqueBehavior,OpaqueBehaviorOfStopCrane,_d5kOECPeEeai14JfVfaFXw,table.motor.ACT_Stop()
FinalState,FinalStatezqbkQCPcEeai14JfVfaFXw,_zqbkQCPcEeai14JfVfaFXw,
Pseudostate,PseudostateMTEDEKp1EeavAeyl8MSWPw,_MTEDEKp1EeavAeyl8MSWPw,
State,TurnBackwards,_TcwCkKp1EeavAeyl8MSWPw,TurnBackwards
OpaqueBehavior,OpaqueBehaviorOfTurnBackwards,_YqkLQKp1EeavAeyl8MSWPw,table.motor.ACT_TurnClockwise()
State,SetReachedStamp,_bUVikNgXEeaLleG51tH3Eg,SetReachedStamp
OpaqueBehavior,OpaqueBehaviorOfSetReachedStamp,_e-36oNgXEeaLleG51tH3Eg,Now(ReachedStamp)
StateMachine,CraneACTInit,_3e1T4CZWEeaJisLddm0vsw,Crane_ACT_Init
Transition,NOTInitCompleted,_TyBnQCZYEea5gtzEBKdFTw,[NOT InitCompleted]
Transition,grippervacuumSwitchDITakenIn,_YXuAACZYEea5gtzEBKdFTw,[gripper.vacuumSwitch.DI_TakenIn]
Transition,NOTgrippervacuumSwitchDITakenIn,_wT9WsCZYEea5gtzEBKdFTw,[NOT gripper.vacuumSwitch.DI_TakenIn]
Transition,liftingCylinderRetracted,_FnY4ECZZEea5gtzEBKdFTw,[liftingCylinder.Retracted]
Transition,ReachedConveyor,_au5dUCZZEea5gtzEBKdFTw,[ReachedConveyor]
Transition,WPPutDown,_n0jsACZZEea5gtzEBKdFTw,[WPPutDown]
Transition,CheckStampWPAvailable,__55e4CZaEea5gtzEBKdFTw,[Check_Stamp_WPAvailable]
Transition,NOTCheckStampWPAvailable,_JdCpECZbEea5gtzEBKdFTw,[NOT Check_Stamp_WPAvailable]
Transition,ReachedStamp,_okzLQCZbEea5gtzEBKdFTw,[ReachedStamp]
Transition,WPPickedUp,_x-sS0CZbEea5gtzEBKdFTw,[WPPickedUp]
Transition,largeSortingConveyorIsSorted,_DnOvoDebEeaEJ7sHqHqVdA,[largeSortingConveyor.IsSorted]
Transition,InitCompleted,_blccQDebEeaEJ7sHqHqVdA,[InitCompleted]
Transition,WPPickedUp,_T6XO4NgYEeaLleG51tH3Eg,[WPPickedUp]
Pseudostate,Pseudostate7baBsCZXEea5gtzEBKdFTw,_7baBsCZXEea5gtzEBKdFTw,
State,CraneMoveUp,_8Nb7kCZXEea5gtzEBKdFTw,Crane_MoveUp
OpaqueBehavior,OpaqueBehaviorOfCraneMoveUp,_EGuMACZYEea5gtzEBKdFTw,liftingCylinder.ACT_Retract()
FinalState,FinalStateG2TwCZYEea5gtzEBKdFTw,_G2T-wCZYEea5gtzEBKdFTw,
State,TurnToConveyor,_MPBv4CZYEea5gtzEBKdFTw,TurnToConveyor
OpaqueBehavior,OpaqueBehaviorOfTurnToConveyor,_OYtiQLetEeaN5KNu953fkQ,ACT_MoveToConveyor()
Pseudostate,PseudostateRmeVsCZYEea5gtzEBKdFTw,_RmeVsCZYEea5gtzEBKdFTw,
State,PutWPOnConveyor,_0KzscCZYEea5gtzEBKdFTw,PutWPOnConveyor
OpaqueBehavior,OpaqueBehaviorOfPutWPOnConveyor,_U7J7kLetEeaN5KNu953fkQ,ACT_PutDownWP()
Pseudostate,PseudostatevowysCZaEea5gtzEBKdFTw,_vowysCZaEea5gtzEBKdFTw,
State,MoveToStamp,_7Jr4MCZaEea5gtzEBKdFTw,MoveToStamp
OpaqueBehavior,OpaqueBehaviorOfMoveToStamp,_kPbW4LetEeaN5KNu953fkQ,ACT_MoveToStamp()
State,PickWPUpFromStamp,_f-jHICZbEea5gtzEBKdFTw,PickWPUpFromStamp
OpaqueBehavior,OpaqueBehaviorOfPickWPUpFromStamp,_q1tHULetEeaN5KNu953fkQ,ACT_PickUpWP()
State,SetInitCompleted,_On8rEDebEeaEJ7sHqHqVdA,SetInitCompleted
OpaqueBehavior,OpaqueBehaviorOfSetInitCompleted,_Ws8cQDebEeaEJ7sHqHqVdA,Now(InitCompleted)
State,WPAllreadyPickedUp,_JhnSYNgYEeaLleG51tH3Eg,WPAllreadyPickedUp
OpaqueBehavior,OpaqueBehaviorOfWPAllreadyPickedUp,_NnjNANgYEeaLleG51tH3Eg,Now(WPPickedUp)
StateMachine,CraneACTAutomaticExecute,_g8170EgPEeavyPrpKniqtA,Crane_ACT_AutomaticExecute
Transition,NOTAutomaticExecuteCompleted,_eKqSoEgQEeavyPrpKniqtA,[NOT AutomaticExecuteCompleted]
Transition,CheckStackWPProvided,_j1ypcEgQEeavyPrpKniqtA,[Check_Stack_WPProvided]
Transition,CheckStackWPTypeBlack,_qn52cEgQEeavyPrpKniqtA,[Check_Stack_WPType=Black]
Transition,CheckStackWPTypeMetallicORCheckStackWPTypeWhite,_2WfkgEgQEeavyPrpKniqtA,[Check_Stack_WPType=Metallic OR Check_Stack_WPType=White]
Transition,ReachedStack,_-zHLgEgQEeavyPrpKniqtA,[ReachedStack]
Transition,ReachedConveyorANDNOTCheckLargeSortingConveyorIsSorting,_DxoT8EgREeavyPrpKniqtA,[ReachedConveyor AND NOT Check_LargeSortingConveyor_IsSorting]
Transition,WPPickedUp,_KxBvAEgREeavyPrpKniqtA,[WPPickedUp]
Transition,aftert50ms,_Of2KIEgREeavyPrpKniqtA,[after(t#50ms)]
Transition,CheckLargeSortingConveyorAutomaticExecuteCompleted,_ee3LkEgREeavyPrpKniqtA,[Check_LargeSortingConveyor_AutomaticExecuteCompleted]
Transition,CurrentPositionConveyorANDnotlargeSortingConveyorIsSorting,_npddcEgSEeavyPrpKniqtA,[CurrentPosition=Conveyor AND not largeSortingConveyor.IsSorting]
Transition,TransitionLO7hEEgTEeavyPrpKniqtA,_LO7hEEgTEeavyPrpKniqtA,
Transition,CheckStampAutomaticExecuteCompleted,_PevwcEgTEeavyPrpKniqtA,[Check_Stamp_AutomaticExecuteCompleted]
Transition,ReachedStampANDCheckStampAutomaticExecuteCompleted,_SYTXgEgTEeavyPrpKniqtA,[ReachedStamp AND Check_Stamp_AutomaticExecuteCompleted]
Transition,WPPutDown,_UWQ5AEgTEeavyPrpKniqtA,[WPPutDown]
Transition,ReachedStamp,_ZeLOAEgTEeavyPrpKniqtA,[ReachedStamp]
Transition,WPPickedUp,_gVaLkEgTEeavyPrpKniqtA,[WPPickedUp]
Transition,ReachedStack,_ifQM8EgTEeavyPrpKniqtA,[ReachedStack]
Transition,NOTCheckStampIsStamping,_nfnvgEgTEeavyPrpKniqtA,[NOT Check_Stamp_IsStamping]
Transition,CheckStampIsStamping,_rLrKgEgTEeavyPrpKniqtA,[Check_Stamp_IsStamping]
Transition,true,_AaF98KwKEea8dIIHPy7FTg,[true]
Transition,stampIsStamping,_EL3mcKwKEea8dIIHPy7FTg,[stamp.IsStamping]
Transition,WPPutDown,_UbJ68LevEeaN5KNu953fkQ,[WPPutDown]
Transition,NOTCheckStampWPAvailable,_AFlFYO0XEeaas4YgnJyohg,[NOT Check_Stamp_WPAvailable]
Transition,CheckStampWPAvailable,_Iw7E4O0XEeaas4YgnJyohg,[Check_Stamp_WPAvailable]
Transition,TransitionoxISAO0XEeaas4YgnJyohg,_oxISAO0XEeaas4YgnJyohg,
Transition,CheckStackWPTypeMetallicORCheckStackWPTypeWhite,_ytkF8O0XEeaas4YgnJyohg,[Check_Stack_WPType_Metallic OR Check_Stack_WPType_White]
Transition,CheckStackWPTypeBlack,__qUQQO0XEeaas4YgnJyohg,[Check_Stack_WPType_Black]
Pseudostate,Pseudostatev0fFgEgPEeavyPrpKniqtA,_v0fFgEgPEeavyPrpKniqtA,
State,WaitingForStackProvidingWP,_xnPckEgPEeavyPrpKniqtA,WaitingForStackProvidingWP
Pseudostate,Pseudostate2EuUgEgPEeavyPrpKniqtA,_2EuUgEgPEeavyPrpKniqtA,
Pseudostate,Pseudostate4ddGcEgPEeavyPrpKniqtA,_4ddGcEgPEeavyPrpKniqtA,
State,CraneToStack,_7wIYIEgPEeavyPrpKniqtA,Crane_ToStack
OpaqueBehavior,OpaqueBehaviorOfCraneToStack,_JQfOwLeuEeaN5KNu953fkQ,ACT_MoveToStack()
State,PickingUpWP,__nH30EgPEeavyPrpKniqtA,PickingUpWP
OpaqueBehavior,OpaqueBehaviorOfPickingUpWP,_SSrA8LeuEeaN5KNu953fkQ,ACT_PickUpWP()
State,TurningToConveyor,_B8mhcEgQEeavyPrpKniqtA,TurningToConveyor
OpaqueBehavior,OpaqueBehaviorOfTurningToConveyor,_l_9q8LeuEeaN5KNu953fkQ,ACT_MoveToConveyor()
State,PuttingDownWP,_Eea98EgQEeavyPrpKniqtA,PuttingDownWP
OpaqueBehavior,OpaqueBehaviorOfPuttingDownWP,_EAxMILevEeaN5KNu953fkQ,ACT_PutDownWP()
State,SortWP,_HNuc0EgQEeavyPrpKniqtA,SortWP
OpaqueBehavior,OpaqueBehaviorOfSortWP,_8jF-oGR1EeaP7aiWefDRgg,Conveyor_AllowToOperate:=TRUE
OpaqueBehavior,OpaqueBehaviorOfSortWP,_-RxuAGR1EeaP7aiWefDRgg,Conveyor_AllowToOperate:=FALSE
State,CraneTurningToStack,_lg_KgEgREeavyPrpKniqtA,CraneTurningToStack
OpaqueBehavior,OpaqueBehaviorOfCraneTurningToStack,_LDBRcLewEeaN5KNu953fkQ,ACT_MoveToStack()
State,CranePickingUpWP,_12TMEEgREeavyPrpKniqtA,CranePickingUpWP
OpaqueBehavior,OpaqueBehaviorOfCranePickingUpWP,_cIEt4LewEeaN5KNu953fkQ,ACT_PickUpWP()
State,CraneTurningToStamp,__1k4oEgREeavyPrpKniqtA,CraneTurningToStamp
OpaqueBehavior,OpaqueBehaviorOfCraneTurningToStamp,_gdi5ULewEeaN5KNu953fkQ,ACT_MoveToStamp()
State,CranePuttingDownWP,_K7FNcEgSEeavyPrpKniqtA,CranePuttingDownWP
OpaqueBehavior,OpaqueBehaviorOfCranePuttingDownWP,_vfqNoLewEeaN5KNu953fkQ,ACT_PutDownWP()
State,StampingWP,_R9C0UEgSEeavyPrpKniqtA,Stamping_WP
OpaqueBehavior,OpaqueBehaviorOfStampingWP,_MRfKIGR2EeaP7aiWefDRgg,Stamp_AllowToOperate:=TRUE
State,CraneTurningToStamp,_04BwgEgSEeavyPrpKniqtA,CraneTurningToStamp
OpaqueBehavior,OpaqueBehaviorOfCraneTurningToStamp,_RvKHYLeyEeaN5KNu953fkQ,ACT_TurnToStamp()
Pseudostate,PseudostateGFydAEgTEeavyPrpKniqtA,_GFydAEgTEeavyPrpKniqtA,
State,ShortDelay,_OxinELevEeaN5KNu953fkQ,Short_Delay
Pseudostate,Pseudostate28FxUO0WEeaas4YgnJyohg,_28FxUO0WEeaas4YgnJyohg,
State,CheckStampAutomaticExecuteCompleted,_ewSfMO0XEeaas4YgnJyohg,CheckStamp_AutomaticExecuteCompleted
OpaqueBehavior,OpaqueBehaviorOfCheckStampAutomaticExecuteCompleted,_i90PkO0XEeaas4YgnJyohg,Stamp_AllowToOperate:=FALSE
Pseudostate,PseudostatenF6tYO0XEeaas4YgnJyohg,_nF6tYO0XEeaas4YgnJyohg,
StateMachine,CraneACTEmergencyStop,_GbL0MEmSEeaPbYa44WUTPg,Crane_ACT_EmergencyStop
Transition,NOTEmergencyHandled,_T7BdcEmSEeaPbYa44WUTPg,[NOT EmergencyHandled]
Transition,NOTInitCompletedANDNOTAutoamticExecuteCompleted,_VEr0MEmSEeaPbYa44WUTPg,[NOT InitCompleted AND NOT AutoamticExecuteCompleted ]
Transition,EmergencyHandled,_qt4D8Kc5EeawJfD0HqGTQA,[EmergencyHandled]
Transition,tablemotorStopped,_zfxPANgbEeaLleG51tH3Eg,[table.motor.Stopped]
Transition,gripperReleased,_-QaHENgbEeaLleG51tH3Eg,[gripper.Released]
Transition,liftingCylinderRetracted,_FHAygNgcEeaLleG51tH3Eg,[liftingCylinder.Retracted]
State,ResetVariables,_L9_8gEmSEeaPbYa44WUTPg,ResetVariables
OpaqueBehavior,OpaqueBehaviorOfResetVariables,_Ppk2YEmSEeaPbYa44WUTPg,InitCompleted:=FALSE; AutomaticExecuteCompleted:=FALSE;Conveyor_AllowToOperate:=FALSE; Stamp_AllowToOperate:=FALSE; WPPickedUP:=FALSE; WPPutDown:=FALSE; ReachedStack:=FALSE; ReachedConveyor:=FALSE; ReachedStamp:=FALSE; WPType:=NULL;
Pseudostate,PseudostateSh0O0EmSEeaPbYa44WUTPg,_Sh0O0EmSEeaPbYa44WUTPg,
FinalState,FinalStateTJB0EmSEeaPbYa44WUTPg,_TJB_0EmSEeaPbYa44WUTPg,
State,EmergencyHandled,_dKkP8Kc5EeawJfD0HqGTQA,EmergencyHandled
OpaqueBehavior,OpaqueBehaviorOfEmergencyHandled,_oVVfQKc5EeawJfD0HqGTQA,Now(EmergencyHandled)
State,StopCrane,_gkq28NgbEeaLleG51tH3Eg,StopCrane
OpaqueBehavior,OpaqueBehaviorOfStopCrane,_ldXEMNgbEeaLleG51tH3Eg,table.motor.ACT_Stop()
State,ReleaseWP,_tghpYNgbEeaLleG51tH3Eg,ReleaseWP
OpaqueBehavior,OpaqueBehaviorOfReleaseWP,_wweXMNgbEeaLleG51tH3Eg,gripper.ACT_Release()
State,RetractLiftingCylinder,_24Hq4NgbEeaLleG51tH3Eg,RetractLiftingCylinder
OpaqueBehavior,OpaqueBehaviorOfRetractLiftingCylinder,_7Y018NgbEeaLleG51tH3Eg,liftingCylinder.ACT_Retract
StateMachine,CraneStateMachine,_NTug0NgSEeaLleG51tH3Eg,Crane_StateMachine
Transition,TransitionoLTAMNgSEeaLleG51tH3Eg,_oLTAMNgSEeaLleG51tH3Eg,
Transition,Transitiono31WENgSEeaLleG51tH3Eg,_o31WENgSEeaLleG51tH3Eg,
State,State,_QOVQwNgSEeaLleG51tH3Eg,State
OpaqueBehavior,OpaqueBehaviorOfState,_cQBhANgSEeaLleG51tH3Eg,Table(); Check_Stack_WPProvided := Main.Stack_WPProvided; Check_Stack_WPType_Black := Main.Stack_WPType; Check_LargeSortingConveyor_IsSorting := Main.LargeSortingConveyor_IsSorting; Check_LargeSortingConveyor_AutomaticExecuteCompleted := Main.LargeSortingConveyor_AutomaticExecuteCompleted; Check_Stamp_IsStamping := Main.Stamp_IsStamping; Check_Stamp_WPAvailable := Main.Stamp_WPAvailable; Check_Stamp_AutomaticExecuteCompleted := Main.Stamp_AutomaticExecuteCompleted;
Pseudostate,PseudostateiQk8NgSEeaLleG51tH3Eg,_iQ_k8NgSEeaLleG51tH3Eg,
FinalState,FinalStatelAJ54NgSEeaLleG51tH3Eg,_lAJ54NgSEeaLleG51tH3Eg,
Operation,ACTMoveToConveyor,_WWsH0BHdEeaIeI6F5gdpJg,ACT_MoveToConveyor
Operation,ACTMoveToStack,_YcA1kBHdEeaIeI6F5gdpJg,ACT_MoveToStack
Operation,ACTMoveToStamp,_aKd7cBHdEeaIeI6F5gdpJg,ACT_MoveToStamp
Operation,ACTPickUpWP,_N0_MgBHdEeaIeI6F5gdpJg,ACT_PickUpWP
Operation,ACTPutDownWP,_PlTTkBHdEeaIeI6F5gdpJg,ACT_PutDownWP
Operation,ACTInit,_2kTUQBHcEeaIeI6F5gdpJg,ACT_Init
Operation,ACTAutomaticExecute,_-RAg0EgMEeavyPrpKniqtA,ACT_AutomaticExecute
Operation,ACTEmergencyStop,_RL298EmREeaPbYa44WUTPg,ACT_EmergencyStop
Class,LargeSortingConveyor,_RehDsBH4EeaIeI6F5gdpJg,LargeSortingConveyor
Property,panel,_p5ujcxH6EeaIeI6F5gdpJg,panel
Property,motor,_k0wNULe0EeaN5KNu953fkQ,motor
Property,seperator1,_61L_AxH6EeaIeI6F5gdpJg,seperator1
Property,seperator2,__DaS8xH6EeaIeI6F5gdpJg,seperator2
Property,psBeginning,_TS5d4KdSEeaW3-nj19_RIA,psBeginning
Property,optRamp1,_5NHYgxH7EeaIeI6F5gdpJg,optRamp1
Property,optRamp2,_7Z8ccxH7EeaIeI6F5gdpJg,optRamp2
Property,indRamp1,_nnAA8xH8EeaIeI6F5gdpJg,indRamp1
Property,indRamp2,_xqoCAhH8EeaIeI6F5gdpJg,indRamp2
Property,ramp1,_swnwkxX2Eea6mfTNXns5yg,ramp1
Property,ramp2,_trigshX2Eea6mfTNXns5yg,ramp2
Property,ramp3,_uusm0xX2Eea6mfTNXns5yg,ramp3
Property,optEnd,_XBVGQxZ9Eeax3NYvbL0H7w,optEnd
Property,CheckAllowedToOperate,_f0UtMNgdEeaLleG51tH3Eg,Check_Allowed_To_Operate
Property,StartButton,_JcqusNgdEeaLleG51tH3Eg,StartButton
Property,InitCompleted,_z4fSQLe0EeaN5KNu953fkQ,InitCompleted
Property,AutomaticExecuteCompleted,_r36pgGRvEeaP7aiWefDRgg,AutomaticExecuteCompleted
Property,EmergencyStop,_W6uPQNgdEeaLleG51tH3Eg,EmergencyStop
Property,EmergencyHandled,_T4eIoGSBEeaP7aiWefDRgg,EmergencyHandled
Property,IsSorting,_GcRAAGRyEeaP7aiWefDRgg,IsSorting
Property,WPSorted,_IerjsGRyEeaP7aiWefDRgg,WPSorted
Property,WPTypeChecked,_KpwUIGRyEeaP7aiWefDRgg,WPTypeChecked
Property,TargetChanged,_MDZAkGRyEeaP7aiWefDRgg,TargetChanged
Property,WPType,_ZMoHsGRyEeaP7aiWefDRgg,WPType
Property,CurrentTarget,_igQPMGRyEeaP7aiWefDRgg,CurrentTarget
Property,PriorityWhite,_30vC4H5wEeaf0bAzsfqfCg,Priority_White
Property,PriorityBlack,_5iu1wH5wEeaf0bAzsfqfCg,Priority_Black
Property,PriorityMetallic,_685GoH5wEeaf0bAzsfqfCg,Priority_Metallic
Property,CounterVarWhite,_IE63UO0TEeaas4YgnJyohg,CounterVarWhite
Property,CounterVarBlack,_QepiYO0TEeaas4YgnJyohg,CounterVarBlack
Property,CounterVarMetallic,_S9kb4O0TEeaas4YgnJyohg,CounterVarMetallic
StateMachine,LargeSortingConveoyotACTChangeTarget,_ITYq8GR4EeaP7aiWefDRgg,LargeSortingConveoyot_ACT_ChangeTarget
Transition,WPTypeMetallic,_iBANwGR6EeaP7aiWefDRgg,[WPType=Metallic]
Transition,NOTTargetChanged,_icvHgGR6EeaP7aiWefDRgg,[NOT TargetChanged]
Transition,WPTypeWhite,_BSTtgGR7EeaP7aiWefDRgg,[WPType=White]
Transition,WPTypeBlack,_DjlMkGR7EeaP7aiWefDRgg,[WPType=Black]
Transition,PriorityWhite1,_fexFEGR7EeaP7aiWefDRgg,[PriorityWhite=1]
Transition,CurrentTargetRamp1,_EddlcGR8EeaP7aiWefDRgg,[CurrentTarget.Ramp1]
Transition,CurrentTargetRamp1,_JUx5sGR8EeaP7aiWefDRgg,[CurrentTarget=Ramp1]
Transition,TargetChanged,_q0ntkGR8EeaP7aiWefDRgg,[TargetChanged]
Transition,true,_W3Hn4GR9EeaP7aiWefDRgg,[true]
Transition,PriorityWhite3,_fj-DQGR9EeaP7aiWefDRgg,[PriorityWhite3]
Transition,notramp3DIWPDetected,_rsIu8GR9EeaP7aiWefDRgg,[not ramp3.DI_WPDetected]
Transition,notramp2DIWPDetected,_wYwPEGR9EeaP7aiWefDRgg,[not ramp2.DI_WPDetected]
Transition,CurrentTargetRamp3,_8981AGR9EeaP7aiWefDRgg,[CurrentTarget=Ramp3]
Transition,CurrentTargetRamp2,_9iiv0GR9EeaP7aiWefDRgg,[CurrentTarget=Ramp2]
Transition,CurrentTargetPicAlpha,_M6OrgGR-EeaP7aiWefDRgg,[CurrentTarget.PicAlpha]
Transition,PriorityWhite2,_SOcKsGV8Eeab9L8V4_TyWg,[PriorityWhite=2]
Transition,PriorityBlack2,_A27msH5yEeaf0bAzsfqfCg,[PriorityBlack=2]
Transition,PriorityBlack1,_EBvV0H5yEeaf0bAzsfqfCg,[PriorityBlack=1]
Transition,PriorityBlack3,_Km-kcH5yEeaf0bAzsfqfCg,[PriorityBlack3]
Transition,PriorityMetallic3,_QW5UoH5yEeaf0bAzsfqfCg,[PriorityMetallic=3]
Transition,PriorityMetallic2,_V4GTYH5yEeaf0bAzsfqfCg,[PriorityMetallic=2]
Transition,PriorityMetallic1,_cAlUkH5yEeaf0bAzsfqfCg,[PriorityMetallic=1]
Transition,TransitionddKzINgeEeaLleG51tH3Eg,_ddKzINgeEeaLleG51tH3Eg,
Pseudostate,PseudostateUqrs4GR6EeaP7aiWefDRgg,_Uqrs4GR6EeaP7aiWefDRgg,
Pseudostate,PseudostateYzO2oGR6EeaP7aiWefDRgg,_YzO2oGR6EeaP7aiWefDRgg,
State,WPIsMetallic,_fX0lAGR6EeaP7aiWefDRgg,WPIsMetallic
OpaqueBehavior,OpaqueBehaviorOfWPIsMetallic,_X1sd8H5xEeaf0bAzsfqfCg,IF(CounterVarMetallic=0)THEN Priority_Metallic:=1; ELSIF(CounterVarMetallic=1)THEN Priority_Metallic:=2; ELSIF(CounterVarMetallic=2)THEN Priority_Metallic:=3; END_IF; CounterVarMetallic:=CounterVarMetallic+1; CounterVarMetallic:=CounterVarBlack MOD 3;
State,WPIsWhite,_7CWLUGR6EeaP7aiWefDRgg,WPIsWhite
OpaqueBehavior,OpaqueBehaviorOfWPIsWhite,_G4IwoH5xEeaf0bAzsfqfCg,IF(CounterVarWhite=0)THEN Priority_White:=1; ELSIF(CounterVarWhite=1)THEN Priority_White:=2; ELSIF(CounterVarWhite=2)THEN Priority_White:=3; END_IF; CounterVarWhite:=CounterVarWhite+1; CounterVarWhite:=CounterVarWhite MOD 3;
State,WPIsBlack,_8kpEgGR6EeaP7aiWefDRgg,WPIsBlack
OpaqueBehavior,OpaqueBehaviorOfWPIsBlack,_MdZI8H5xEeaf0bAzsfqfCg,IF(CounterVarBlack=0)THEN Priority_Black:=1; ELSIF(CounterVarBlack=1)THEN Priority_Black:=2; ELSIF(CounterVarBlack=2)THEN Priority_Black:=3; END_IF; CounterVarBlack:=CounterVarBlack+1; CounterVarBlack:=CounterVarBlack MOD 3;
State,Ramp1,_aXfCMGR7EeaP7aiWefDRgg,Ramp1
OpaqueBehavior,OpaqueBehaviorOfRamp1,_ToWwYGR-EeaP7aiWefDRgg,Set(CurrentTarget := Ramp1)
State,TargetChanged,_Fn5_UGR8EeaP7aiWefDRgg,TargetChanged
OpaqueBehavior,OpaqueBehaviorOfTargetChanged,_lzfWAGR8EeaP7aiWefDRgg,Now(TargetChanged)
FinalState,FinalStatep0OnkGR8EeaP7aiWefDRgg,_p0OnkGR8EeaP7aiWefDRgg,
State,Ramp2,_dH1YAGR9EeaP7aiWefDRgg,Ramp2
OpaqueBehavior,OpaqueBehaviorOfRamp2,_Xihf4GR-EeaP7aiWefDRgg,Set(CurrentTarget := Ramp2)
State,Ramp3,_kI3x0GR9EeaP7aiWefDRgg,Ramp3
OpaqueBehavior,OpaqueBehaviorOfRamp3,_Y2g3UGR-EeaP7aiWefDRgg,Set(CurrentTarget := Ramp3)
State,ResetTarget,_QmO88NgeEeaLleG51tH3Eg,ResetTarget
OpaqueBehavior,OpaqueBehaviorOfResetTarget,_ad3wcNgeEeaLleG51tH3Eg,Reset(CurrentTarget)
StateMachine,LargeSortingConveyorACTCheckWPType,_Qv6yYGR4EeaP7aiWefDRgg,LargeSortingConveyor_ACT_CheckWPType
Transition,NOTWPTypeChecked,_DUNXAGR_EeaP7aiWefDRgg,[NOT WPTypeChecked]
Transition,TransitionFpsnsGREeaP7aiWefDRgg,_FpsnsGR_EeaP7aiWefDRgg,
Transition,optRamp1DIWPLight,_PBFN0GR_EeaP7aiWefDRgg,[optRamp1.DI_WPLight]
Transition,NOTindRamp1DIWPMetallicANDNOToptRamp1DIWPLight,_PnEPwGR_EeaP7aiWefDRgg,[NOT indRamp1.DI_WPMetallic AND NOT optRamp1.DI_WPLight]
Transition,optRamp1DIWPLightANDNOTindRamp1DIWPMetallic,_AQqRAGSAEeaP7aiWefDRgg,[optRamp1.DI_WPLight AND NOT indRamp1.DI_WPMetallic]
Transition,indRamp1DIWPMetallic,_BGd3oGSAEeaP7aiWefDRgg,[indRamp1.DI_WPMetallic]
Transition,WPTypeWhite,_vIeyoGSAEeaP7aiWefDRgg,[WPType=White]
Transition,WPTypeMetallic,_v6UfQGSAEeaP7aiWefDRgg,[WPType=Metallic]
Transition,WPTypeBlack,_w0g2oGSAEeaP7aiWefDRgg,[WPType=Black]
Transition,WPTypeChecked,_2FQ-kGSAEeaP7aiWefDRgg,[WPTypeChecked]
Pseudostate,Pseudostate3aunkGREeaP7aiWefDRgg,_3aunkGR-EeaP7aiWefDRgg,
Pseudostate,Pseudostate5bSKEGREeaP7aiWefDRgg,_5bSKEGR-EeaP7aiWefDRgg,
State,ResetWPType,_8d8CwGR-EeaP7aiWefDRgg,Reset_WPType
OpaqueBehavior,OpaqueBehaviorOfResetWPType,__zotANgeEeaLleG51tH3Eg,Reset(WPType)
State,WPIsBlack,_KQdXcGR_EeaP7aiWefDRgg,WP_Is_Black
OpaqueBehavior,OpaqueBehaviorOfWPIsBlack,_RkE5kGSAEeaP7aiWefDRgg,Set(WPType:=Black)
State,WPIsWhite,_646wQGR_EeaP7aiWefDRgg,WP_Is_White
OpaqueBehavior,OpaqueBehaviorOfWPIsWhite,_OXC84GSAEeaP7aiWefDRgg,Set(WPType:=White)
State,WPIsMetallic,_-EDPgGR_EeaP7aiWefDRgg,WP_Is_Metallic
OpaqueBehavior,OpaqueBehaviorOfWPIsMetallic,_P1jiQGSAEeaP7aiWefDRgg,Set(WPType:=Metallic)
State,WPTypeChecked,_YsVVsGSAEeaP7aiWefDRgg,WPTypeChecked
OpaqueBehavior,OpaqueBehaviorOfWPTypeChecked,_c72DEGSAEeaP7aiWefDRgg,Now(WPTypeChecked)
FinalState,FinalStatetoHzIGSAEeaP7aiWefDRgg,_toHzIGSAEeaP7aiWefDRgg,
StateMachine,LargeSortingConveyorACTSortWP,_a_xU0B9cEeafhr7g7VlqoQ,LargeSortingConveyor_ACT_SortWP
Transition,NOTWPSorted,_h1C0cB9lEeafhr7g7VlqoQ,[NOT WPSorted]
Transition,psBeginningDIWPDetected,_vY_hoB9lEeafhr7g7VlqoQ,[psBeginning.DI_WPDetected]
Transition,WPTypeChecked,_zupTQB9lEeafhr7g7VlqoQ,[WPTypeChecked]
Transition,TargetChanged,_1KBsIB9lEeafhr7g7VlqoQ,[TargetChanged]
Transition,CurrentTargetRamp1,_2j1-wB9lEeafhr7g7VlqoQ,[CurrentTarget=Ramp1]
Transition,CurrentTargetConveyor,_AzH2MB9mEeafhr7g7VlqoQ,[CurrentTarget=Conveyor]
Transition,CurrentTargetRamp2,_E2JmwB9mEeafhr7g7VlqoQ,[CurrentTarget=Ramp2]
Transition,CurrentTargetRamp3,_RT3rsB9mEeafhr7g7VlqoQ,[CurrentTarget=Ramp3]
Transition,aftert380ms,_XeFLMB9mEeafhr7g7VlqoQ,[after(t#380ms)]
Transition,seperator1Extended,_bwk7IB9mEeafhr7g7VlqoQ,[seperator1.Extended]
Transition,seperator1Retracted,_owpfMB9mEeafhr7g7VlqoQ,[seperator1.Retracted]
Transition,seperator2Extended,_0aRNsB9mEeafhr7g7VlqoQ,[seperator2.Extended]
Transition,seperator2Retracted,_A-wB8B9nEeafhr7g7VlqoQ,[seperator2.Retracted]
Transition,aftert4000ms,_C8EDMB9nEeafhr7g7VlqoQ,[after(t#4000ms)]
Transition,largeSortingConveyorswitchPicAlphaDIRetracted,_aQcvsB9nEeafhr7g7VlqoQ,[largeSortingConveyor.switchPicAlpha.DI_Retracted]
Transition,WPSorted,_0YFmsCAGEeaXg9UYHPN2UA,[WPSorted]
Transition,aftert50ms,_f4t7MDeOEea1lqu3DmCTIw,[after(t#50ms)]
Transition,motorStopped,_Aua_EDkSEea8uOUb4gQg2Q,[motor.Stopped]
Transition,aftert1900ms,_wA9F0N5dEeaOyq2maqsktw,[after(t#1900ms)]
Transition,afterT300ms,_M-bugO0UEeaas4YgnJyohg,[after(T#300ms)]
Transition,motorStopped,_Q7Ua0O0UEeaas4YgnJyohg,[motor.Stopped]
Transition,motorTruningClockwise,_dPC2QO0UEeaas4YgnJyohg,[motor.TruningClockwise]
Pseudostate,Pseudostate48auwB9cEeafhr7g7VlqoQ,_48auwB9cEeafhr7g7VlqoQ,
State,CheckingWPType,_ftYWoB9gEeafhr7g7VlqoQ,CheckingWPType
OpaqueBehavior,OpaqueBehaviorOfCheckingWPType,_bIDU4KdVEeaW3-nj19_RIA,ACT_CheckWPType()
State,TurnOnLargeSortingConveyor,_HNY9MB9hEeafhr7g7VlqoQ,TurnOnLargeSortingConveyor
OpaqueBehavior,OpaqueBehaviorOfTurnOnLargeSortingConveyor,_Zk9KYB9hEeafhr7g7VlqoQ,motor.ACT_TurnForwards()
OpaqueBehavior,OpaqueBehaviorOfTurnOnLargeSortingConveyor,_YVQ74Le2EeaN5KNu953fkQ,WpType:=NULL
State,ChangingTarget,_pC44AB9hEeafhr7g7VlqoQ,ChangingTarget
OpaqueBehavior,OpaqueBehaviorOfChangingTarget,_kT0g4KdVEeaW3-nj19_RIA,ACT_ChangeTarget()
Pseudostate,PseudostatezHo6cB9hEeafhr7g7VlqoQ,_zHo6cB9hEeafhr7g7VlqoQ,
State,TrasportingToRamp3,_0_gbAB9hEeafhr7g7VlqoQ,TrasportingToRamp3
State,TransportingToRamp1,_igMxoB9iEeafhr7g7VlqoQ,TransportingToRamp1
State,TransportingToRamp2,_lyFZIB9iEeafhr7g7VlqoQ,TransportingToRamp2
State,Pusher2Extending,_6zMbcB9iEeafhr7g7VlqoQ,Pusher2_Extending
OpaqueBehavior,OpaqueBehaviorOfPusher2Extending,_J0wWIB9jEeafhr7g7VlqoQ,seperator2.ACT_Extend()
State,Pusher1Extending,_M4X4IB9jEeafhr7g7VlqoQ,Pusher1_Extending
OpaqueBehavior,OpaqueBehaviorOfPusher1Extending,_ShF0IB9jEeafhr7g7VlqoQ,seperator1.ACT_Extend()
State,Seperator2Retracting,_yG3vEB9jEeafhr7g7VlqoQ,Seperator2Retracting
OpaqueBehavior,OpaqueBehaviorOfSeperator2Retracting,_NRTgEB9kEeafhr7g7VlqoQ,seperator2.ACT_Retract()
State,Seperator1Retracting,_ytktQB9kEeafhr7g7VlqoQ,Seperator1Retracting
OpaqueBehavior,OpaqueBehaviorOfSeperator1Retracting,_7589QB9kEeafhr7g7VlqoQ,seperator1.ACT_Retract()
FinalState,FinalStatefozoB9lEeafhr7g7VlqoQ,_fo_zoB9lEeafhr7g7VlqoQ,
State,TurnOffLargeSortingConveyor,_lLtmkB9rEeafhr7g7VlqoQ,TurnOffLargeSortingConveyor
OpaqueBehavior,OpaqueBehaviorOfTurnOffLargeSortingConveyor,_u9JA8CAGEeaXg9UYHPN2UA,motor.ACT_Stop()
State,WPAtConveyor,_g1hMkDeMEea1lqu3DmCTIw,WP_At_Conveyor
OpaqueBehavior,OpaqueBehaviorOfWPAtConveyor,_u4QlIO0TEeaas4YgnJyohg,Set(IsSorting)
State,WPIsSorted,_zD2sgDkREea8uOUb4gQg2Q,WPIsSorted
OpaqueBehavior,OpaqueBehaviorOfWPIsSorted,_3azeoDkREea8uOUb4gQg2Q,Reset(IsSorting); Now(WPSorted)
State,WaitTillDetection,__BTsUO0TEeaas4YgnJyohg,Wait_Till_Detection
State,StopConveyor,_IG9CMO0UEeaas4YgnJyohg,Stop_Conveyor
OpaqueBehavior,OpaqueBehaviorOfStopConveyor,_LNtXwO0UEeaas4YgnJyohg,motor.ACT_Stop()
State,TrunConveyorOnAgain,_VIxSsO0UEeaas4YgnJyohg,TrunConveyorOnAgain
OpaqueBehavior,OpaqueBehaviorOfTrunConveyorOnAgain,_sGfHcO0bEeaas4YgnJyohg,motor.ACT_TurningClockwise()
StateMachine,LargeSortingConveyorACTInit,_ZzNu0CZyEeagIsaxH253Xw,LargeSortingConveyor_ACT_Init
Transition,true,_5xNVcCZyEeagIsaxH253Xw,[true]
Transition,switchPicAlphaDIExtended,_PLfswCZzEeagIsaxH253Xw,[switchPicAlpha.DI_Extended]
Transition,true,_ke0gcCZzEeagIsaxH253Xw,[true]
Transition,true,_24z6ECZ0EeagIsaxH253Xw,[true]
Transition,true,_JZBF4CZ1EeagIsaxH253Xw,[true]
Transition,switchPicAlphaDIRetracted,_nCG_wCZ3EeagIsaxH253Xw,[switchPicAlpha.DI_Retracted]
Transition,InitCompleted,_UxpKADeXEeaEJ7sHqHqVdA,[InitCompleted]
Transition,aftert3000ms,_GI2hgGSCEeaP7aiWefDRgg,[after(t#3000ms)]
Transition,NOTInitCompleted,_VIpugGV7Eeab9L8V4_TyWg,[NOT InitCompleted]
Transition,motorStopped,_YmmcEGV7Eeab9L8V4_TyWg,[motor.Stopped]
Pseudostate,Pseudostatej30nUCZyEeagIsaxH253Xw,_j30nUCZyEeagIsaxH253Xw,
State,TurnConveyorOn,_o4GqUCZyEeagIsaxH253Xw,TurnConveyorOn
OpaqueBehavior,OpaqueBehaviorOfTurnConveyorOn,_wnUYwCZyEeagIsaxH253Xw,motor.ACT_TurnClockwise()
State,TurnConveyorOf,_VF9gECZzEeagIsaxH253Xw,TurnConveyorOf
OpaqueBehavior,OpaqueBehaviorOfTurnConveyorOf,_asBwsCZzEeagIsaxH253Xw,motor.ACT_Stop()
FinalState,FinalStatehjCEwCZzEeagIsaxH253Xw,_hjCEwCZzEeagIsaxH253Xw,
State,InitCompleted,_FNhU0DeXEeaEJ7sHqHqVdA,InitCompleted
OpaqueBehavior,OpaqueBehaviorOfInitCompleted,_T9LAIDeXEeaEJ7sHqHqVdA,Now(InitCompleted)
StateMachine,LargeSortingConveoyotACTAutomaticExecute,_4HtGgGR3EeaP7aiWefDRgg,LargeSortingConveoyot_ACT_AutomaticExecute
Transition,CheckAllowedToOperateANDNOTAutomaticExecuteCompleted,_Zi1kEGR5EeaP7aiWefDRgg,[Check_Allowed_To_Operate AND NOT AutomaticExecuteCompleted]
Transition,WPSorted,_47iFQGR5EeaP7aiWefDRgg,[WPSorted]
Transition,AuotmaticExecuteCompleted,__eXgIGR5EeaP7aiWefDRgg,[AuotmaticExecuteCompleted]
Transition,CheckAllowedToOperateANDafterT500ms,_PQET4NghEeaLleG51tH3Eg,[Check_Allowed_To_Operate AND after(T#500ms)]
Pseudostate,PseudostateYzlt4GR4EeaP7aiWefDRgg,_Yzlt4GR4EeaP7aiWefDRgg,
State,SortWP,_aHCSwGR4EeaP7aiWefDRgg,Sort_WP
OpaqueBehavior,OpaqueBehaviorOfSortWP,_gD_ZYGR4EeaP7aiWefDRgg,ACT_SortWP()
State,SetAutomaticExecuteCompleted,_wxv6sGR5EeaP7aiWefDRgg,SetAutomaticExecuteCompleted
OpaqueBehavior,OpaqueBehaviorOfSetAutomaticExecuteCompleted,_39skAGR5EeaP7aiWefDRgg,Now(AutomaticExecuteCompleted)
FinalState,FinalStatepcqUGR5EeaP7aiWefDRgg,_-pcqUGR5EeaP7aiWefDRgg,
State,Interstep,_Hv3R0NghEeaLleG51tH3Eg,Interstep
StateMachine,LargeSortingConveyorACTEmergencyStop,_0pqzAEmUEeaPbYa44WUTPg,LargeSortingConveyor_ACT_EmergencyStop
Transition,NOTEmergencyHandled,_UsWFUEmVEeaPbYa44WUTPg,[NOT EmergencyHandled]
Transition,NOTInitCompletedANDNOTAutoamticExecuteCompleted,_Wz5nsEmVEeaPbYa44WUTPg,[NOT InitCompleted AND NOT AutoamticExecuteCompleted]
Transition,TransitionuNVzUEmVEeaPbYa44WUTPg,_uNVzUEmVEeaPbYa44WUTPg,
Transition,TransitionwixZoEmVEeaPbYa44WUTPg,_wixZoEmVEeaPbYa44WUTPg,
Transition,seperator1Retracted,_CT-xcEmWEeaPbYa44WUTPg,[seperator1.Retracted]
Transition,TransitionGg42wEmWEeaPbYa44WUTPg,_Gg42wEmWEeaPbYa44WUTPg,
Transition,seperator2Retracted,_NGbnYEmWEeaPbYa44WUTPg,[seperator2.Retracted]
Transition,EmergencyHandled,_qEfe4GSBEeaP7aiWefDRgg,[EmergencyHandled]
Transition,true,_9xKgMLe3EeaN5KNu953fkQ,[true]
Transition,motorStopped,_OaceANgiEeaLleG51tH3Eg,[motor.Stopped]
State,ResetVariables,_FdmqQEmVEeaPbYa44WUTPg,ResetVariables
OpaqueBehavior,OpaqueBehaviorOfResetVariables,_JM-fAEmVEeaPbYa44WUTPg,InitCompleted:=FALSE; AutomaticExecuteCompleted:=FALSE; WPSorted:=FALSE; IsSorting:=FALSE; WPTypeChecked:=FALSE; TargetChanged:=FALSE; WPType:=NULL; CurrentTarget:=NULL;
Pseudostate,PseudostateMjZBMEmVEeaPbYa44WUTPg,_MjZBMEmVEeaPbYa44WUTPg,
State,Seperator1Retracting,_a9i9oEmVEeaPbYa44WUTPg,Seperator1Retracting
OpaqueBehavior,OpaqueBehaviorOfSeperator1Retracting,_e3pbsEmVEeaPbYa44WUTPg,seperator1.ACT_Retract()
State,Seperator2Retract,_gtbRkEmVEeaPbYa44WUTPg,Seperator2Retract
OpaqueBehavior,OpaqueBehaviorOfSeperator2Retract,_kJGHMEmVEeaPbYa44WUTPg,seperator2.ACT_Retract()
FinalState,FinalStateL4J2YEmWEeaPbYa44WUTPg,_L4J2YEmWEeaPbYa44WUTPg,
State,EmergencyHandled,_iESHEGSBEeaP7aiWefDRgg,Emergency_Handled
OpaqueBehavior,OpaqueBehaviorOfEmergencyHandled,_n1jiIGSBEeaP7aiWefDRgg,Now(EmergencyHandled)
State,StopConveyor,_CEbjkNgiEeaLleG51tH3Eg,StopConveyor
OpaqueBehavior,OpaqueBehaviorOfStopConveyor,_FYCpYNgiEeaLleG51tH3Eg,motor.ACT_Stop()
StateMachine,LargeSortingConveyorStateMachine,_j_efANgdEeaLleG51tH3Eg,LargeSortingConveyor_StateMachine
Transition,Transition9CWtoNgdEeaLleG51tH3Eg,_9CWtoNgdEeaLleG51tH3Eg,
Transition,TransitionqGukNgdEeaLleG51tH3Eg,_-qGukNgdEeaLleG51tH3Eg,
Pseudostate,PseudostateoMob8NgdEeaLleG51tH3Eg,_oMob8NgdEeaLleG51tH3Eg,
State,State,_oqO98NgdEeaLleG51tH3Eg,State
OpaqueBehavior,OpaqueBehaviorOfState,_5CC54NgdEeaLleG51tH3Eg,Panel(); StartButton:=panel.StartButton; EmergencyStop:=panel.EmergencyStop; Check_Allowed_To_Operate := Main.Crane_Allow_Conveyor_to_Operate;
FinalState,FinalState977Z8NgdEeaLleG51tH3Eg,_977Z8NgdEeaLleG51tH3Eg,
Operation,ACTSortWP,_T_LB0B2ZEea4IeFnYXjnhQ,ACT_SortWP
Operation,ACTChangeTarget,_4IPO0GRzEeaP7aiWefDRgg,ACT_ChangeTarget
Operation,ACTCheckWPType,_6JAMsGRzEeaP7aiWefDRgg,ACT_CheckWPType
Operation,ACTInit,_3HVTsCZzEeagIsaxH253Xw,ACT_Init
Operation,ACTAutomaticExecute,_1nfwYGRzEeaP7aiWefDRgg,ACT_AutomaticExecute
Operation,ACTEmergencyStop,_T4wpEEmREeaPbYa44WUTPg,ACT_EmergencyStop
Class,Stamp,_-GUi8BHWEeaE9dGXaplL2g,Stamp
Property,panel,_-nJWExHsEeaIeI6F5gdpJg,panel
Property,pressureSensor,_B-d3MxHtEeaIeI6F5gdpJg,pressureSensor
Property,propValve,_IvzoIxHtEeaIeI6F5gdpJg,propValve
Property,WPAvailable,_M2eikxHtEeaIeI6F5gdpJg,WPAvailable
Property,stampingCylinder,_RAivQxHtEeaIeI6F5gdpJg,stampingCylinder
Property,slidingCylinder,_UUQiwxHtEeaIeI6F5gdpJg,slidingCylinder
Property,StartButton,_D1jGcNgjEeaLleG51tH3Eg,StartButton
Property,InitCompleted,_WvcTIBHqEeaIeI6F5gdpJg,InitCompleted
Property,AutomaticExecuteCompleted,_Oet-EGRzEeaP7aiWefDRgg,AutomaticExecuteCompleted
Property,EmergencyStop,_GVodkNgjEeaLleG51tH3Eg,EmergencyStop
Property,SoftwareEmergency,_-nz5EDkrEeaKtZr8UL9QRw,SoftwareEmergency
Property,EmergencyHandled,_bxWJYGSBEeaP7aiWefDRgg,EmergencyHandled
Property,IsSamping,_ejbM0BHqEeaIeI6F5gdpJg,IsSamping
Property,WPStamped,_a7KFoBHqEeaIeI6F5gdpJg,WPStamped
Property,WPType,_itKpYBHqEeaIeI6F5gdpJg,WPType
Property,CheckAllowedToOperate,_IvB94NgjEeaLleG51tH3Eg,Check_Allowed_To_Operate
Property,CheckWPType,_L2bMoNgjEeaLleG51tH3Eg,Check_WPType
StateMachine,StampACTStamp,_WS7rcCSwEeapNbKUvR7Irw,Stamp_ACT_Stamp
Transition,IsStampingANDNOTWPStampedANDWPAvailableDISwitchTrue,_Kxd98CSxEeapNbKUvR7Irw,[IsStamping AND NOT WPStamped AND WPAvailable.DI_SwitchTrue]
Transition,slidingCylinderRetracted,_Vdc_gCSxEeapNbKUvR7Irw,[slidingCylinder.Retracted]
Transition,WPTypeMetallic,_V0ctwCSyEeapNbKUvR7Irw,[WPType=Metallic]
Transition,WPTypeWhiteorWPTypeBalck,_XRsu4CSyEeapNbKUvR7Irw,[WPType=White or WPType=Balck]
Transition,aftert1000ms,_GBIwkCSzEeapNbKUvR7Irw,[after(t#1000ms)]
Transition,stampingCylinderRetracted,_Ym5x0CSzEeapNbKUvR7Irw,[stampingCylinder.Retracted]
Transition,slidingCylinderExtended,_eB9sUCSzEeapNbKUvR7Irw,[slidingCylinder.Extended]
Transition,NOTWPTypeMetallic,_FaCw8DkjEea8uOUb4gQg2Q,[NOT WPType=Metallic]
Transition,stackWPTypeMetallic,_KcXbUDkjEea8uOUb4gQg2Q,[stack.WPType(Metallic)]
Transition,WPTypeMetallic,_MbnWQDkjEea8uOUb4gQg2Q,[WPType=Metallic]
Transition,TransitionYybh8DkjEea8uOUb4gQg2Q,_Yybh8DkjEea8uOUb4gQg2Q,
Transition,aftert1500ms,_jb13ADkrEeaKtZr8UL9QRw,[after(t#1500ms)]
Transition,SoftwareEmergency,_oeAwYDkrEeaKtZr8UL9QRw,[SoftwareEmergency]
Transition,true,_EFuXoDlKEeaLOdRX3Qj_WA,[true]
Transition,WPStamped,_N1dnAKdhEeaW3-nj19_RIA,[WPStamped]
Transition,WPTypeCheckWPType,_TcRuQNgkEeaLleG51tH3Eg,[WPType=Check_WPType]
Transition,propValveAOSetPressure4000,_8x6ZsNgkEeaLleG51tH3Eg,[propValve.AO_SetPressure=4000]
Transition,propValveAOSetPressure7000,_BJs5UNglEeaLleG51tH3Eg,[propValve.AO_SetPressure=7000]
Transition,stampingCylinderExtended,_MyKKMNglEeaLleG51tH3Eg,[stampingCylinder.Extended]
Transition,propValveAOSetPressure0,_T-agENgmEeaLleG51tH3Eg,[propValve.AO_SetPressure=0]
Transition,pressureSensorAICurrentPressure18000ANDWPTypeMetallic,_B8BfYPzKEeawFLjgVrnoPQ,[(pressureSensor.AI_CurrentPressure > 18000) AND WPType=Metallic]
Transition,pressureSensorAICurrentPressure4800ANDpressureSensorAICurrentPressure5200ANDNOTWPTypeMetallic,_Dm2CcPzKEeawFLjgVrnoPQ,[(pressureSensor.AI_CurrentPressure > 4800) AND (pressureSensor.AI_CurrentPressure < 5200) AND NOT WPType=Metallic]
Transition,TRUE,_uXyOQPzKEeawFLjgVrnoPQ,[TRUE]
Transition,TRUE,_ve4ZMPzKEeawFLjgVrnoPQ,[TRUE]
Pseudostate,PseudostateoPdicCSwEeapNbKUvR7Irw,_oPdicCSwEeapNbKUvR7Irw,
State,SlidingCylinderRetracting,_q9cysCSwEeapNbKUvR7Irw,SlidingCylinderRetracting
OpaqueBehavior,OpaqueBehaviorOfSlidingCylinderRetracting,_H4MDsCSxEeapNbKUvR7Irw,slidingCylinder.ACT_Retract()
Pseudostate,PseudostateTqMSICSxEeapNbKUvR7Irw,_TqMSICSxEeapNbKUvR7Irw,
State,Wait,_23hGECSyEeapNbKUvR7Irw,Wait
State,StampingCylinderRetracting,_A_bKMCSzEeapNbKUvR7Irw,StampingCylinderRetracting
OpaqueBehavior,OpaqueBehaviorOfStampingCylinderRetracting,_Ndje0CSzEeapNbKUvR7Irw,stampingCylinder.ACT_Retract()
State,SlindingCylinderExtending,_QvMOsCSzEeapNbKUvR7Irw,SlindingCylinderExtending
OpaqueBehavior,OpaqueBehaviorOfSlindingCylinderExtending,_XC954CSzEeapNbKUvR7Irw,slidingCylinder.ACT_Extend()
FinalState,FinalStatedIo3oCSzEeapNbKUvR7Irw,_dIo3oCSzEeapNbKUvR7Irw,
State,LightPressure,_OycgMDkiEea8uOUb4gQg2Q,LightPressure
OpaqueBehavior,OpaqueBehaviorOfLightPressure,_vTfwkDkiEea8uOUb4gQg2Q,propValve.AO_SetPressure:=4000
State,HeavyPressure,_RM038DkiEea8uOUb4gQg2Q,HeavyPressure
OpaqueBehavior,OpaqueBehaviorOfHeavyPressure,_7mvD0DkiEea8uOUb4gQg2Q,propValve.AO_SetPressure:=7000
State,Error,_Jk5uMDkrEeaKtZr8UL9QRw,Error
OpaqueBehavior,OpaqueBehaviorOfError,_gdi54DkrEeaKtZr8UL9QRw,Now(SoftwareEmergency)
Pseudostate,PseudostateoHAqADlJEeaLOdRX3QjWA,_oHAqADlJEeaLOdRX3Qj_WA,
State,WPStamped,_CUEncKdhEeaW3-nj19_RIA,WP_Stamped
OpaqueBehavior,OpaqueBehaviorOfWPStamped,_IcrkcKdhEeaW3-nj19_RIA,Set(WPStamped); Reset(IsStamping)
State,GetWPTypeFromCrane,_H8TrANgkEeaLleG51tH3Eg,Get_WPType_FromCrane
OpaqueBehavior,OpaqueBehaviorOfGetWPTypeFromCrane,_O7hf4NgkEeaLleG51tH3Eg,WPType:=Check_WPType
State,ExtendStapingCylinder,_tkks0NgkEeaLleG51tH3Eg,Extend_StapingCylinder
OpaqueBehavior,OpaqueBehaviorOfExtendStapingCylinder,_yYgV4NgkEeaLleG51tH3Eg,stampingCylinder.ACT_Extend()
State,ResetPressure,_ejF1MNglEeaLleG51tH3Eg,ResetPressure
OpaqueBehavior,OpaqueBehaviorOfResetPressure,_OaY20NgmEeaLleG51tH3Eg,propValve.AO_SetPressure:=0
Pseudostate,Pseudostatez3ktMPzJEeawFLjgVrnoPQ,_z3ktMPzJEeawFLjgVrnoPQ,
State,MetallicPressureOk,_-Yw0APzJEeawFLjgVrnoPQ,MetallicPressureOk
State,WhitePressureOk,_ABDAcPzKEeawFLjgVrnoPQ,WhitePressureOk
StateMachine,StampACTInit,_1PtpkCZZEea5gtzEBKdFTw,Stamp_ACT_Init
Transition,NOTInitCompleted,_LyQpcCZaEea5gtzEBKdFTw,[NOT InitCompleted]
Transition,stampingCylinderRetracted,_awQSwCZaEea5gtzEBKdFTw,[stampingCylinder.Retracted]
Transition,slidningCylinderExtended,_gguckCZaEea5gtzEBKdFTw,[slidningCylinder.Extended]
Transition,InitCompleted,_h7gRMDkhEea8uOUb4gQg2Q,[InitCompleted]
Pseudostate,Pseudostate7Prn8CZZEea5gtzEBKdFTw,_7Prn8CZZEea5gtzEBKdFTw,
State,RetractStampingCylinder,_9FQpgCZZEea5gtzEBKdFTw,RetractStampingCylinder
OpaqueBehavior,OpaqueBehaviorOfRetractStampingCylinder,_Gut3ECZaEea5gtzEBKdFTw,stampinCylinder.ACT_Retract()
State,ExtendSlidingCylinder,_NL6kACZaEea5gtzEBKdFTw,ExtendSlidingCylinder
OpaqueBehavior,OpaqueBehaviorOfExtendSlidingCylinder,_YQ-M4CZaEea5gtzEBKdFTw,slidingCylinder.ACT_Extend()
FinalState,FinalStatefbDN8CZaEea5gtzEBKdFTw,_fbDN8CZaEea5gtzEBKdFTw,
State,SetInitCompleted,_VuZbIDkhEea8uOUb4gQg2Q,SetInitCompleted
OpaqueBehavior,OpaqueBehaviorOfSetInitCompleted,_a2zfYDkhEea8uOUb4gQg2Q,Set(InitCompleted)
StateMachine,StampACTAutomaticExecute,_kAhmsGVEEeaSMugellPalg,Stamp_ACT_AutomaticExecute
Transition,NOTAutomaticExecuteCompleted,_xweIgGVEEeaSMugellPalg,[NOT AutomaticExecuteCompleted]
Transition,AutomaticExecuteCompleted,_IZNP8GVFEeaSMugellPalg,[AutomaticExecuteCompleted]
Transition,WPStamped,_JxLIcGVFEeaSMugellPalg,[WPStamped]
Transition,true,_x6CnkLe_EeaN5KNu953fkQ,[true]
Transition,IsStampingANDNOTWPStamped,_vL7k0NgnEeaLleG51tH3Eg,[IsStamping AND NOT WPStamped]
Transition,CheckAllowedToOperateANDafterT500ms,_CAMVENgoEeaLleG51tH3Eg,[Check_Allowed_To_Operate AND after(T#500ms)]
Transition,NOTWPAvailableDISwitchTrue,_sY-F8O0YEeaas4YgnJyohg,[NOT WPAvailable.DI_SwitchTrue]
Transition,CheckAllowedToOperateANDWPAvailableDISwitchTrue,_vhy4EO0YEeaas4YgnJyohg,[Check_Allowed_To_Operate AND WPAvailable.DI_SwitchTrue]
Pseudostate,Pseudostatev4y1MGVEEeaSMugellPalg,_v4y1MGVEEeaSMugellPalg,
State,StampWP,_2J3xsGVEEeaSMugellPalg,Stamp_WP
OpaqueBehavior,OpaqueBehaviorOfStampWP,_7eiJQGVEEeaSMugellPalg,ACT_Stamp()
State,SetAutomationExecute,_BXNM0GVFEeaSMugellPalg,SetAutomationExecute
OpaqueBehavior,OpaqueBehaviorOfSetAutomationExecute,_GlX60GVFEeaSMugellPalg,Set(AutomaticExecuteCompleted)
FinalState,FinalStateHn2EcGVFEeaSMugellPalg,_Hn2EcGVFEeaSMugellPalg,
State,Interstep,_cAj8INgnEeaLleG51tH3Eg,Interstep
State,PrepareStamp,_hRY8kNgnEeaLleG51tH3Eg,PrepareStamp
OpaqueBehavior,OpaqueBehaviorOfPrepareStamp,_qmsfENgnEeaLleG51tH3Eg,Reset(WPStamped); Set(IsStamping);
State,Dummy1,_keb4UO0YEeaas4YgnJyohg,Dummy1
State,Dummy2,_pMMA4O0YEeaas4YgnJyohg,Dummy2
StateMachine,StampACTEmergencyStop,_ax-HIEmSEeaPbYa44WUTPg,Stamp_ACT_EmergencyStop
Transition,NOTInitCompletedANDNOTAutomaticExecuteCompleted,_SUfvEEmTEeaPbYa44WUTPg,[NOT InitCompleted AND NOT AutomaticExecuteCompleted]
Transition,stampingCylinderRetracted,_Zf3JkEmTEeaPbYa44WUTPg,[stampingCylinder.Retracted]
Transition,TransitionbUz5AEmTEeaPbYa44WUTPg,_bUz5AEmTEeaPbYa44WUTPg,
Transition,EmergencyHandled,_cd67cGVFEeaSMugellPalg,[EmergencyHandled]
Transition,NOTWPStamped,_5yMzYGV9Eeab9L8V4_TyWg,[NOT WPStamped]
Transition,NOTEmergencyHandled,_lREgYKdiEeaW3-nj19_RIA,[NOT EmergencyHandled]
Transition,TransitionubqJANgoEeaLleG51tH3Eg,_ubqJANgoEeaLleG51tH3Eg,
Transition,slidingCylinderExtended,_BbFAYNgpEeaLleG51tH3Eg,[slidingCylinder.Extended]
Pseudostate,Pseudostate2XIFQEmSEeaPbYa44WUTPg,_2XIFQEmSEeaPbYa44WUTPg,
State,ExtendSlidingCylinder,_35yK0EmSEeaPbYa44WUTPg,ExtendSlidingCylinder
OpaqueBehavior,OpaqueBehaviorOfExtendSlidingCylinder,_CLx_EEmTEeaPbYa44WUTPg,monostableCylinder.ACT_Extend()
State,RetractStampingCylinder,_70ZmQEmSEeaPbYa44WUTPg,RetractStampingCylinder
OpaqueBehavior,OpaqueBehaviorOfRetractStampingCylinder,_Ej3QwEmTEeaPbYa44WUTPg,bistableCylinder.ACT_Retract()
FinalState,FinalStateXTGIEmTEeaPbYa44WUTPg,_XTG-IEmTEeaPbYa44WUTPg,
State,EmergencyHandled,_UrQ3cGVFEeaSMugellPalg,Emergency_Handled
OpaqueBehavior,OpaqueBehaviorOfEmergencyHandled,_YhSGwGVFEeaSMugellPalg,Now(EmergencyHandled)
State,ResetVariables,_H8NfMKdiEeaW3-nj19_RIA,ResetVariables
OpaqueBehavior,OpaqueBehaviorOfResetVariables,_Sl2XYKdiEeaW3-nj19_RIA,InitCompleted:=FALSE; AutomaticExecuteCompleted:=FALSE; IsStamping:=FALSE AND WPStamped:=FALSE; propValve.AO_SetPressure:=0; WPType:=NULL
StateMachine,StampStateMachine,_dEhQUNgjEeaLleG51tH3Eg,Stamp_StateMachine
Transition,TransitiontXRtINgjEeaLleG51tH3Eg,_tXRtINgjEeaLleG51tH3Eg,
Transition,Transitionu3BBkNgjEeaLleG51tH3Eg,_u3BBkNgjEeaLleG51tH3Eg,
Pseudostate,Pseudostatefwz4NgjEeaLleG51tH3Eg,_f-wz4NgjEeaLleG51tH3Eg,
State,State,_gdmE8NgjEeaLleG51tH3Eg,State
OpaqueBehavior,OpaqueBehaviorOfState,_rKtu8NgjEeaLleG51tH3Eg,Panel(); StartButton:=panel.StartButton; EmergencyStop:=panel.EmergencyStop; Check_Allowed_To_Operate := Main.Crane_Allow_Stamp_to_Operate; Check_WPType:=Main.Crane_WPType;
FinalState,FinalStatet30OYNgjEeaLleG51tH3Eg,_t30OYNgjEeaLleG51tH3Eg,
Operation,ACTStamp,_101JsBHdEeaIeI6F5gdpJg,ACT_Stamp
Operation,ACTInit,_z8WlIBHdEeaIeI6F5gdpJg,ACT_Init
Operation,ACTAutomaticExecute,_WBWCAGRzEeaP7aiWefDRgg,ACT_AutomaticExecute
Operation,ACTEmergencyStop,_cXOqMEmREeaPbYa44WUTPg,ACT_EmergencyStop
Class,BistableCylinder,_sUsSYBHsEeaIeI6F5gdpJg,BistableCylinder
Property,DIExtended,_QBWjACb9EeaCDM79dIZItg,DI_Extended
Property,DIRetracted,_TtwjUCb9EeaCDM79dIZItg,DI_Retracted
Property,DOExtend,_HDPYgCb9EeaCDM79dIZItg,DO_Extend
Property,DORetract,_J5740Cb9EeaCDM79dIZItg,DO_Retract
Property,Extended,_ixEtwNjDEeaI3IcGROryBQ,Extended
Property,Retracted,_lC8CsNjDEeaI3IcGROryBQ,Retracted
StateMachine,BistableCylinderACTRetract,_4UTrECadEeaCBchfDALz2Q,BistableCylinder_ACT_Retract
Transition,NOTRetracted,_LU7cUCaeEeaCBchfDALz2Q,[NOT Retracted]
Transition,DIRetracted,_MaL0MCaeEeaCBchfDALz2Q,[DI_Retracted]
Transition,Retracted,_dVRW8NjEEearF4L_ZOOfww,[Retracted]
State,Retract,_AObB8CaeEeaCBchfDALz2Q,Retract
OpaqueBehavior,OpaqueBehaviorOfRetract,_EHaswCaeEeaCBchfDALz2Q,Reset(DO_Extend); Set(DO_Retract);
Pseudostate,PseudostateKN47wCaeEeaCBchfDALz2Q,_KN47wCaeEeaCBchfDALz2Q,
FinalState,FinalStateK0qA0CaeEeaCBchfDALz2Q,_K0qA0CaeEeaCBchfDALz2Q,
State,SetRetracted,_Wfys4NjEEearF4L_ZOOfww,SetRetracted
OpaqueBehavior,OpaqueBehaviorOfSetRetracted,_ZQWI8NjEEearF4L_ZOOfww,Now(Retracted)
StateMachine,BistableCylinderACTExtend,_bOyQ8CaeEeaCBchfDALz2Q,BistableCylinder_ACT_Extend
Transition,NOTExtended,_nCw1UCaeEeaCBchfDALz2Q,[NOT Extended]
Transition,DIExtended,_oyYY0CaeEeaCBchfDALz2Q,[DI_Extended]
Transition,Extended,_1XgA4NjEEearF4L_ZOOfww,[Extended]
Pseudostate,PseudostateefksQCaeEeaCBchfDALz2Q,_efksQCaeEeaCBchfDALz2Q,
State,Extend,_fKdcUCaeEeaCBchfDALz2Q,Extend
OpaqueBehavior,OpaqueBehaviorOfExtend,_l6JAYCaeEeaCBchfDALz2Q,Set(DO_Extend); Reset(DO_Retract);
FinalState,FinalStatemZVd0CaeEeaCBchfDALz2Q,_mZVd0CaeEeaCBchfDALz2Q,
State,SetExtended,_vdMloNjEEearF4L_ZOOfww,SetExtended
OpaqueBehavior,OpaqueBehaviorOfSetExtended,_xnwYsNjEEearF4L_ZOOfww,Now(Extended)
Operation,ACTExtend,_2Kc2kBHsEeaIeI6F5gdpJg,ACT_Extend
Operation,ACTRetract,_322uABHsEeaIeI6F5gdpJg,ACT_Retract
Class,MonostableCylinder,_EXgWsBHjEeaIeI6F5gdpJg,MonostableCylinder
Property,DIExtended,_O-UnkxHnEeaIeI6F5gdpJg,DI_Extended
Property,DIRetracted,_U-YFgxHnEeaIeI6F5gdpJg,DI_Retracted
Property,DOExtend,_ZjgEICb8EeaCDM79dIZItg,DO_Extend
Property,Extended,_yTha4Ni2EeaI3IcGROryBQ,Extended
Property,Retracted,_0owM4Ni2EeaI3IcGROryBQ,Retracted
StateMachine,MonostableCylinderACTRetract,_GswCMCacEeaCBchfDALz2Q,MonostableCylinder_ACT_Retract
Transition,NOTRetracted,_v3-NYCacEeaCBchfDALz2Q,[NOT Retracted]
Transition,DIRetracted,_x3bjsCacEeaCBchfDALz2Q,[DI_Retracted]
Transition,Retracted,_XcRt0NjFEearF4L_ZOOfww,[Retracted]
Pseudostate,PseudostateP7C9wCacEeaCBchfDALz2Q,_P7C9wCacEeaCBchfDALz2Q,
State,Retract,_UCy2QCacEeaCBchfDALz2Q,Retract
OpaqueBehavior,OpaqueBehaviorOfRetract,_ZIwDcCacEeaCBchfDALz2Q,Reset(DO_Extend)
FinalState,FinalStateZ7OpQCacEeaCBchfDALz2Q,_Z7OpQCacEeaCBchfDALz2Q,
State,SetRetracted,_RBnXgNjFEearF4L_ZOOfww,SetRetracted
OpaqueBehavior,OpaqueBehaviorOfSetRetracted,_TT90oNjFEearF4L_ZOOfww,Now(Retracted)
StateMachine,MonostableCylinderACTExtend,__gCucCacEeaCBchfDALz2Q,MonostableCylinder_ACT_Extend
Transition,true,_hi5v0CadEeaCBchfDALz2Q,[true]
Transition,DIExtended,_i-07QCadEeaCBchfDALz2Q,[DI_Extended]
Transition,Extended,_nGarcNjFEearF4L_ZOOfww,[Extended]
Pseudostate,PseudostateFjqdwCadEeaCBchfDALz2Q,_FjqdwCadEeaCBchfDALz2Q,
State,Extend,_GpYvsCadEeaCBchfDALz2Q,Extend
OpaqueBehavior,OpaqueBehaviorOfExtend,_LFrU0CadEeaCBchfDALz2Q,Set(DO_Extend)
State,SetExtended,_e37AANjFEearF4L_ZOOfww,SetExtended
OpaqueBehavior,OpaqueBehaviorOfSetExtended,_g_z5kNjFEearF4L_ZOOfww,Now(Extended)
FinalState,FinalStatemEQq4NjFEearF4LZOOfww,_mEQq4NjFEearF4L_ZOOfww,
Operation,ACTRetract,_JOyOsBHjEeaIeI6F5gdpJg,ACT_Retract
Operation,ACTExtend,_Kkut8BHjEeaIeI6F5gdpJg,ACT_Extend
Class,MicroSwitch,_9hhg4BHjEeaIeI6F5gdpJg,MicroSwitch
Property,DISwitchTrue,_xvcoAH5iEeaf0bAzsfqfCg,DI_SwitchTrue
Class,ReedSwitch,_pvrmsBHmEeaIeI6F5gdpJg,ReedSwitch
Property,DIValue,_vJXBIBHmEeaIeI6F5gdpJg,DI_Value
Class,VacuumSwitch,_CQbpkBHwEeaIeI6F5gdpJg,VacuumSwitch
Property,DITakenIn,_JPvlEBHwEeaIeI6F5gdpJg,DI_TakenIn
Class,InductiveSensor,_0cfZkBHkEeaIeI6F5gdpJg,InductiveSensor
Property,DIWPMetallic,_6nGhsBHkEeaIeI6F5gdpJg,DI_WPMetallic
Class,OpticalSensor,_N2lOUBHlEeaIeI6F5gdpJg,OpticalSensor
Property,DIWPLight,_VqhEsBHlEeaIeI6F5gdpJg,DI_WPLight
Class,PresenceSensor,_Fco7UBH6EeaIeI6F5gdpJg,PresenceSensor
Property,DIWPDetected,_L3SGkCcOEeaCDM79dIZItg,DI_WPDetected
Class,PressureSensor,_EWnsQBHrEeaIeI6F5gdpJg,PressureSensor
Property,AICurrentPressure,_NzUQMBHrEeaIeI6F5gdpJg,AI_CurrentPressure
Class,VacuumGripper,_ULOtIBHuEeaIeI6F5gdpJg,VacuumGripper
Property,vacuumSwitch,_n73UIxHwEeaIeI6F5gdpJg,vacuumSwitch
Property,valve,_t5S74xHwEeaIeI6F5gdpJg,valve
Property,Intaken,_PpI0kNi4EeaI3IcGROryBQ,Intaken
Property,Released,_RaZW0Ni4EeaI3IcGROryBQ,Released
StateMachine,VacuumGripperACTIntake,_AaJ7YCafEeaCBchfDALz2Q,VacuumGripper_ACT_Intake
Transition,NOTIntaken,_QRr0wCafEeaCBchfDALz2Q,[NOT Intaken]
Transition,vacuumSwitchDITakenIn,_R-QrUCafEeaCBchfDALz2Q,[vacuumSwitch.DI_TakenIn]
Transition,Intaken,_3JgngNi4EeaI3IcGROryBQ,[Intaken]
Pseudostate,PseudostateHKCTwCafEeaCBchfDALz2Q,_HKCTwCafEeaCBchfDALz2Q,
State,Intaking,_IEoTwCafEeaCBchfDALz2Q,Intaking
OpaqueBehavior,OpaqueBehaviorOfIntaking,_N5hqkCafEeaCBchfDALz2Q,valve.ACT_TurnVacuumOn()
FinalState,FinalStateOnVy0CafEeaCBchfDALz2Q,_OnVy0CafEeaCBchfDALz2Q,
State,SetWPTakenIn,_tgyZwNi4EeaI3IcGROryBQ,SetWPTakenIn
OpaqueBehavior,OpaqueBehaviorOfSetWPTakenIn,_xVezYNi4EeaI3IcGROryBQ,Now(Intaken)
StateMachine,VacuumGripperACTRelease,_XCcW4CafEeaCBchfDALz2Q,VacuumGripper_ACT_Release
Transition,NOTReleased,_n_yBwCafEeaCBchfDALz2Q,[NOT Released]
Transition,notVacuumSwitchDITakenIn,_pivpUCafEeaCBchfDALz2Q,[not VacuumSwitch.DI_TakenIn]
Transition,Released,_bFGsINi5EeaI3IcGROryBQ,[Released]
Pseudostate,PseudostateaoNjsCafEeaCBchfDALz2Q,_aoNjsCafEeaCBchfDALz2Q,
State,Release,_bLjhUCafEeaCBchfDALz2Q,Release
OpaqueBehavior,OpaqueBehaviorOfRelease,_mawksCafEeaCBchfDALz2Q,valve.ACT_TurnVacuumOff()
FinalState,FinalStatenBYf0CafEeaCBchfDALz2Q,_nBYf0CafEeaCBchfDALz2Q,
State,SetWPReleased,_DtxZUNi5EeaI3IcGROryBQ,SetWPReleased
OpaqueBehavior,OpaqueBehaviorOfSetWPReleased,_XLnSENi5EeaI3IcGROryBQ,Now(Released)
Operation,ACTIntake,_a410oBHuEeaIeI6F5gdpJg,ACT_Intake
Operation,ACTRelease,_c-TFQBHuEeaIeI6F5gdpJg,ACT_Release
Class,ProportionalValve,_7io4sBHrEeaIeI6F5gdpJg,ProportionalValve
Property,AOSetPressure,_Bxx7gBHsEeaIeI6F5gdpJg,AO_SetPressure
Class,Valve,_Q0eh0BHwEeaIeI6F5gdpJg,Valve
Property,DOIntake,_Vcf10BHwEeaIeI6F5gdpJg,DO_Intake
Class,OperationPanel,_XPaiwBHhEeaIeI6F5gdpJg,OperationPanel
Property,EmergencyStop,_K6zSoNi3EeaI3IcGROryBQ,EmergencyStop
Property,StartButton,_Q0d0sNi3EeaI3IcGROryBQ,StartButton
Property,ManuelMode,_TMol8Ni3EeaI3IcGROryBQ,ManuelMode
Property,DIStart,_dRLbcBHiEeaIeI6F5gdpJg,DI_Start
Property,DIManual,_7hDTYBHiEeaIeI6F5gdpJg,DI_Manual
Property,DINotEmergencyStop,__URtYBHiEeaIeI6F5gdpJg,DI_NotEmergencyStop
Property,DOLampGreen,_giB9oBHhEeaIeI6F5gdpJg,DO_LampGreen
Property,DOLampWhite,_YLZ0cBHiEeaIeI6F5gdpJg,DO_LampWhite
StateMachine,OperationPanelStateMachine,_b2q94Ni3EeaI3IcGROryBQ,OperationPanel_StateMachine
Transition,TransitionuIcFENi3EeaI3IcGROryBQ,_uIcFENi3EeaI3IcGROryBQ,
Transition,Transitionu8exINi3EeaI3IcGROryBQ,_u8exINi3EeaI3IcGROryBQ,
Pseudostate,Pseudostategh1sgNi3EeaI3IcGROryBQ,_gh1sgNi3EeaI3IcGROryBQ,
FinalState,FinalStatehCFS0Ni3EeaI3IcGROryBQ,_hCFS0Ni3EeaI3IcGROryBQ,
State,State,_hhcIUNi3EeaI3IcGROryBQ,State
OpaqueBehavior,OpaqueBehaviorOfState,_qbrfcNi3EeaI3IcGROryBQ,EmergencyStop:= NOT DI_EmergencyStop; StartButton:=DI_StartButton; ManuelMode:=DI_ManuelButton;
Class,TurningTable,_iSAakBHuEeaIeI6F5gdpJg,TurningTable
Property,motor,_pHahQxHwEeaIeI6F5gdpJg,motor
Property,potentiometer,_vkgzICwJEee7-rLN0MWZzw,potentiometer
StateMachine,TurningTableStateMachine,_1wHkUCwKEee7-rLN0MWZzw,TurningTable_StateMachine
Transition,TransitionizmYCwKEee7rLN0MWZzw,__izmYCwKEee7-rLN0MWZzw,
Transition,TransitionAOYS8CwLEee7rLN0MWZzw,_AOYS8CwLEee7-rLN0MWZzw,
Pseudostate,Pseudostate55Fk0CwKEee7rLN0MWZzw,_55Fk0CwKEee7-rLN0MWZzw,
FinalState,FinalState6cGyUCwKEee7rLN0MWZzw,_6cGyUCwKEee7-rLN0MWZzw,
State,State,_76O9MCwKEee7-rLN0MWZzw,State
OpaqueBehavior,OpaqueBehaviorOfState,_9nFgkCwKEee7-rLN0MWZzw,potentiometer();
Class,Motor,_w3GbsBHuEeaIeI6F5gdpJg,Motor
Property,DOTrunClockwise,_LJyIMKXSEeaaifhFzThDQw,DO_TrunClockwise
Property,DOTrunCounterclockwise,_OdacIKXSEeaaifhFzThDQw,DO_TrunCounterclockwise
Property,Stopped,_-BRP4NjAEeaI3IcGROryBQ,Stopped
Property,TurningClockwise,_C8TmgNjBEeaI3IcGROryBQ,TurningClockwise
Property,TurningCounterclockwise,_FtTugNjBEeaI3IcGROryBQ,TurningCounterclockwise
StateMachine,MotorACTStop,_8vCfECafEeaCBchfDALz2Q,Motor_ACT_Stop
Transition,true,_UjkEMCagEeaCBchfDALz2Q,[true]
Transition,Stopped,_V4t5QCagEeaCBchfDALz2Q,[Stopped]
Pseudostate,PseudostateAeMRYCagEeaCBchfDALz2Q,_AeMRYCagEeaCBchfDALz2Q,
State,Stopping,_BInHYCagEeaCBchfDALz2Q,Stopping
OpaqueBehavior,OpaqueBehaviorOfStopping,_TIks4CagEeaCBchfDALz2Q,DO_TrunClockwise:=FALSE; DO_TrunCounterclockwise:=FALSE; Stopped:=TRUE; TurningClockwise:=FALSE; TurningCounterclockwise:=FALSE;
FinalState,FinalStateT2oswCagEeaCBchfDALz2Q,_T2oswCagEeaCBchfDALz2Q,
StateMachine,MotorACTTurnClockwise,_eTXKUCagEeaCBchfDALz2Q,Motor_ACT_TurnClockwise
Transition,true,_rG5HMCagEeaCBchfDALz2Q,[true]
Transition,TurningClockwise,_zwfaQCagEeaCBchfDALz2Q,[TurningClockwise]
Pseudostate,PseudostateiFuosCagEeaCBchfDALz2Q,_iFuosCagEeaCBchfDALz2Q,
State,TruningBackwards,_i-vUUCagEeaCBchfDALz2Q,TruningBackwards
OpaqueBehavior,OpaqueBehaviorOfTruningBackwards,_pTB84CagEeaCBchfDALz2Q,DO_TrunClockwise:=TRUE; DO_TrunCounterclockwise:=FALSE; Stopped:=FALSE; TurningClockwise:=TRUE; TurningCounterclockwise:=FALSE;
FinalState,FinalStateqCsfQCagEeaCBchfDALz2Q,_qCsfQCagEeaCBchfDALz2Q,
StateMachine,MotorACTTurnCounterclockwise,_3D8vECagEeaCBchfDALz2Q,Motor_ACT_TurnCounterclockwise
Transition,TurningCounterclockwise,_DleV8CahEeaCBchfDALz2Q,[TurningCounterclockwise]
Transition,true,_FWg1wCahEeaCBchfDALz2Q,[true]
Pseudostate,Pseudostate7MBwCagEeaCBchfDALz2Q,_7MB-wCagEeaCBchfDALz2Q,
State,TruningForwards,_7rdswCagEeaCBchfDALz2Q,TruningForwards
OpaqueBehavior,OpaqueBehaviorOfTruningForwards,_Bit0ACahEeaCBchfDALz2Q,DO_TrunClockwise:=FALSE; DO_TrunCounterclockwise:=TRUE; Stopped:=FALSE; TurningClockwise:=FALSE; TurningCounterclockwise:=TRUE;
FinalState,FinalStateC6ffQCahEeaCBchfDALz2Q,_C6ffQCahEeaCBchfDALz2Q,
Operation,ACTTurnBackwards,_7Lh44BHuEeaIeI6F5gdpJg,ACT_TurnBackwards
Operation,ACTTurnForwards,_9EvdQBHuEeaIeI6F5gdpJg,ACT_TurnForwards
Operation,ACTStop,_-mRhcBHuEeaIeI6F5gdpJg,ACT_Stop
Class,Ramp,_AcNm4BX2Eea6mfTNXns5yg,Ramp
Class,Potentiometer,_WqQxgCwIEee7-rLN0MWZzw,Potentiometer
Property,AtStack,_cjP-ICwIEee7-rLN0MWZzw,AtStack
Property,AtConveyor,_grY4MCwIEee7-rLN0MWZzw,AtConveyor
Property,AtStamp,_lTd2kCwIEee7-rLN0MWZzw,AtStamp
Property,AIPosition,_nFw6oCwIEee7-rLN0MWZzw,AI_Position
Property,delta,_qp36kCwIEee7-rLN0MWZzw,delta
Property,iPosStack,_2y7XECwIEee7-rLN0MWZzw,iPosStack
Property,iPosConveyor,_-crWsCwIEee7-rLN0MWZzw,iPosConveyor
Property,iPosStamp,_DRPR4CwJEee7-rLN0MWZzw,iPosStamp
StateMachine,PotentiometerStateMachine,_NZ6yECwJEee7-rLN0MWZzw,Potentiometer_StateMachine
Transition,TransitionlsvcwCwJEee7rLN0MWZzw,_lsvcwCwJEee7-rLN0MWZzw,
Transition,TransitionmXmXoCwJEee7rLN0MWZzw,_mXmXoCwJEee7-rLN0MWZzw,
Pseudostate,PseudostateQHSXQCwJEee7rLN0MWZzw,_QHSXQCwJEee7-rLN0MWZzw,
State,State,_Q8XlICwJEee7-rLN0MWZzw,State
OpaqueBehavior,OpaqueBehaviorOfState,_grmeICwJEee7-rLN0MWZzw,IF((iPosStack-delta) < AI_Position AND AI_Position < (iPosStack+delta)) THEN AtStack := TRUE; AtConveyor := FALSE; AtStamp := FALSE; ELSIF((iPosConveyor-delta) < AI_Position AND AI_Position < (iPosConveyor+delta)) THEN AtStack := FALSE; AtConveyor := TRUE; AtStamp := FALSE; ELSIF((iPosStamp-delta) < AI_Position AND AI_Position < (iPosStamp+delta)) THEN AtStack := FALSE; AtConveyor := FALSE; AtStamp := TRUE; ELSE AtStack := FALSE; AtConveyor := FALSE; AtStamp := FALSE; END_IF
FinalState,FinalStatelAKDkCwJEee7rLN0MWZzw,_lAKDkCwJEee7-rLN0MWZzw,
Enumeration,eWPType,_NhpogBHXEeaE9dGXaplL2g,eWPType
EnumerationLiteral,Black,_NhpogRHXEeaE9dGXaplL2g,Black
EnumerationLiteral,Metallic,_NhpoghHXEeaE9dGXaplL2g,Metallic
EnumerationLiteral,White,_NhpogxHXEeaE9dGXaplL2g,White
Enumeration,TargetType,_POfCIBH1EeaIeI6F5gdpJg,TargetType
EnumerationLiteral,Ramp1,_S6idIBH1EeaIeI6F5gdpJg,Ramp1
EnumerationLiteral,Ramp2,_Tq_psBH1EeaIeI6F5gdpJg,Ramp2
EnumerationLiteral,Ramp3,_U3B_ABH1EeaIeI6F5gdpJg,Ramp3
Association,AssociationK9YDABHZEeaIeI6F5gdpJg,_K9YDABHZEeaIeI6F5gdpJg,
Association,AssociationMFGgEBHZEeaIeI6F5gdpJg,_MFGgEBHZEeaIeI6F5gdpJg,
Association,AssociationN1dDYBHZEeaIeI6F5gdpJg,_N1dDYBHZEeaIeI6F5gdpJg,
Association,AssociationJTiEcBHmEeaIeI6F5gdpJg,_JTiEcBHmEeaIeI6F5gdpJg,
Association,AssociationKG4M8BHmEeaIeI6F5gdpJg,_KG4M8BHmEeaIeI6F5gdpJg,
Association,AssociationLN6GcBHmEeaIeI6F5gdpJg,_LN6GcBHmEeaIeI6F5gdpJg,
Association,AssociationL4sI0BHmEeaIeI6F5gdpJg,_L4sI0BHmEeaIeI6F5gdpJg,
Association,AssociationMmUq4BHmEeaIeI6F5gdpJg,_MmUq4BHmEeaIeI6F5gdpJg,
Association,AssociationOUnkBHnEeaIeI6F5gdpJg,_O-UnkBHnEeaIeI6F5gdpJg,
Association,AssociationUYFgBHnEeaIeI6F5gdpJg,_U-YFgBHnEeaIeI6F5gdpJg,
Association,AssociationnJWEBHsEeaIeI6F5gdpJg,_-nJWEBHsEeaIeI6F5gdpJg,
Association,AssociationBd3MBHtEeaIeI6F5gdpJg,_B-d3MBHtEeaIeI6F5gdpJg,
Association,AssociationIvzoIBHtEeaIeI6F5gdpJg,_IvzoIBHtEeaIeI6F5gdpJg,
Association,AssociationM2eikBHtEeaIeI6F5gdpJg,_M2eikBHtEeaIeI6F5gdpJg,
Association,AssociationRAivQBHtEeaIeI6F5gdpJg,_RAivQBHtEeaIeI6F5gdpJg,
Association,AssociationUUQiwBHtEeaIeI6F5gdpJg,_UUQiwBHtEeaIeI6F5gdpJg,
Association,AssociationeXNoBHwEeaIeI6F5gdpJg,_e-XNoBHwEeaIeI6F5gdpJg,
Association,Associationf5IMwBHwEeaIeI6F5gdpJg,_f5IMwBHwEeaIeI6F5gdpJg,
Association,AssociationgkVF4BHwEeaIeI6F5gdpJg,_gkVF4BHwEeaIeI6F5gdpJg,
Association,Associationn73UIBHwEeaIeI6F5gdpJg,_n73UIBHwEeaIeI6F5gdpJg,
Association,AssociationpHahQBHwEeaIeI6F5gdpJg,_pHahQBHwEeaIeI6F5gdpJg,
Association,Associationt5S74BHwEeaIeI6F5gdpJg,_t5S74BHwEeaIeI6F5gdpJg,
Association,AssociationcpnDIBH4EeaIeI6F5gdpJg,_cpnDIBH4EeaIeI6F5gdpJg,
Association,Associationp5ujcBH6EeaIeI6F5gdpJg,_p5ujcBH6EeaIeI6F5gdpJg,
Association,Association61LABH6EeaIeI6F5gdpJg,_61L_ABH6EeaIeI6F5gdpJg,
Association,AssociationDaS8BH6EeaIeI6F5gdpJg,__DaS8BH6EeaIeI6F5gdpJg,
Association,Association5NHYgBH7EeaIeI6F5gdpJg,_5NHYgBH7EeaIeI6F5gdpJg,
Association,Association7Z8ccBH7EeaIeI6F5gdpJg,_7Z8ccBH7EeaIeI6F5gdpJg,
Association,AssociationnnAA8BH8EeaIeI6F5gdpJg,_nnAA8BH8EeaIeI6F5gdpJg,
Association,Associationxqna8BH8EeaIeI6F5gdpJg,_xqna8BH8EeaIeI6F5gdpJg,
Association,AssociationswnwkBX2Eea6mfTNXns5yg,_swnwkBX2Eea6mfTNXns5yg,
Association,Associationtrh5oBX2Eea6mfTNXns5yg,_trh5oBX2Eea6mfTNXns5yg,
Association,Associationuusm0BX2Eea6mfTNXns5yg,_uusm0BX2Eea6mfTNXns5yg,
Association,AssociationXBVGQBZ9Eeax3NYvbL0H7w,_XBVGQBZ9Eeax3NYvbL0H7w,
Association,AssociationTS0lYKdSEeaW3nj19RIA,_TS0lYKdSEeaW3-nj19_RIA,
Association,Associationk0rU0Le0EeaN5KNu953fkQ,_k0rU0Le0EeaN5KNu953fkQ,
Association,Associationvkb6oCwJEee7rLN0MWZzw,_vkb6oCwJEee7-rLN0MWZzw,
